,name,rating,address,ave_price,url,tel,place_id,lat,lng
0,Savior Lounge Bar 救世主小酒館,4.6,臺北市萬華區漢口街二段34巷10號,300.0,https://ifoodie.tw/restaurant/5ea996c48c906d139203ece3-Savior-Lounge-Bar-%E6%95%91%E4%B8%96,0223116677,ChIJGRfASgmpQjQRD4tpHWauFLU,25.0450599,121.50711729999999
1,瑰秘餐酒館,4.5,臺北市信義區基隆路二段149之53號,1500.0,https://ifoodie.tw/restaurant/5ae75b132756dd5d801dab91-%E7%91%B0%E7%A7%98%E9%A4%90%E9%85%92%E9%A4%A8,0227324436,ChIJXYxpkjSqQjQR0S1038jQuMs,25.026585,121.55531
2,Tiny Beertail Bar,4.8,臺北市中山區合江街133號,230.0,https://ifoodie.tw/restaurant/5fc0b90dd6895d227bf60f69-Tiny-Beertail-Bar,0225080191,ChIJy3yxUeKrQjQRX_ix3k-iQxA,25.061010800000002,121.53937920000001
3,Restaurant Page 頁小館,4.6,臺北市中山區北安路595巷20弄4號1樓,1500.0,https://ifoodie.tw/restaurant/57740e682756dd5158c80645-Restaurant-Page-%E9%A0%81%E5%B0%8F%E9%A4%A8,0225328003,EjYxMDQ5MeWPsOeBo-WPsOWMl-W4guS4reWxseWNgOWMl-Wuiei3rzU5NeW3tzIw5byENOiZnzEiHRobChYKFAoSCR9ZSmYFrEI0EXHICsZypcrtEgEx,25.081809,121.54778470000001
4,The 58 Bar - 台灣自釀啤酒專賣,4.4,臺北市萬華區開封街二段58號,600.0,https://ifoodie.tw/restaurant/57d057ac2756dd05d485aaa1-The-58-Bar-%E5%8F%B0%E7%81%A3%E8%87%AA%E9%87%80%E5%95%A4%E9%85%92%E5%B0%88%E8%B3%A3,0223888580,ChIJl11jlQ6pQjQR81s9IGhEn3s,25.0464673,121.50721909999999
5,K.D Bistro Taipei,4.7,臺北市大安區光復南路346巷21號,1000.0,https://ifoodie.tw/restaurant/5e255ffcd6895d5a1e47c0a2-K.D-Bistro-Taipei,0227754432,ChIJzyELh8irQjQRRMuodATiuMA,25.0383126,121.55678459999999
6,法租界 L.C Française 餐酒館,4.4,臺北市大安區敦化南路一段187巷45之2號,1200.0,https://ifoodie.tw/restaurant/5d3a68b62261394b870b7c9e-%E6%B3%95%E7%A7%9F%E7%95%8C-L.C-Fran%C3%A7aise-%E9%A4%90%E9%85%92,0983638156,ChIJR4ZWq8WrQjQRyaOBOluxPUk,25.0426116,121.5514322
7,ABV% 加勒比海 精釀啤酒餐廳,4.7,臺北市大安區敦化南路一段233巷61號,800.0,https://ifoodie.tw/restaurant/5762eb672756dd1d469e4b97-ABV-%E5%8A%A0%E5%8B%92%E6%AF%94%E6%B5%B7-%E7%B2%BE%E9%87%80%E5%95%A4%E9%85%92%E9%A4%90%E5%BB%B3,0227216997,ChIJf0B4ksWrQjQRkP-UkGuHRBk,25.040481699999997,121.5524291
8,O Steak 歐牛排 法式餐酒館,4.2,台北市大安區金華街164巷1弄6號,1000.0,https://ifoodie.tw/restaurant/57b89c7a2756dd1a86feda8b-O-Steak-%E6%AD%90%E7%89%9B%E6%8E%92-%E6%B3%95%E5%BC%8F%E9%A4%90%E9%85%92%E9%A4%A8,0223931616,EjIxMDblj7DngaPlj7DljJfluILlpKflronljYDph5Hoj6_ooZcxNjTlt7cx5byENuiZnyIaEhgKFAoSCT2pq_2DqUI0EapT8q_lW8pSEAY,25.0292631,121.53108219999999
9,黑熊愛跳舞,4.2,臺北市大安區基隆路二段225號,268.0,https://ifoodie.tw/restaurant/588797f92756dd3ab2f6b904-%E9%BB%91%E7%86%8A%E6%84%9B%E8%B7%B3%E8%88%9E,0287328980,ChIJT9J7oTGqQjQRJoNIJC66U40,25.022703600000003,121.5509669
10,台韓民國 韓式燒肉店,4.1,臺北市大安區忠孝東路四段170巷6弄7號,500.0,https://ifoodie.tw/restaurant/57ed594b2756dd0d0ef56442-%E5%8F%B0%E9%9F%93%E6%B0%91%E5%9C%8B-%E9%9F%93%E5%BC%8F%E7%87%92%E8%82%89%E5%BA%97,0227115007,ChIJidQ-aMWrQjQRRuZsI6sJ3Ig,25.04114,121.549922
11,Mr. BEAN Taipei,4.4,臺北市大安區仁愛路四段445號,1200.0,https://ifoodie.tw/restaurant/5ca372252756dd62daaf41bd-Mr.-BEAN-Taipei,0227766003,ChIJPyg7fcirQjQR-PdV-fPiJxg,25.0380582,121.5571101
12,誠鮨,4.6,臺北市中山區建國北路二段32號,1800.0,https://ifoodie.tw/restaurant/5a677a9c2756dd60a4223156-%E8%AA%A0%E9%AE%A8,0225066070,ChIJHa42GmCpQjQRRkJH1gCrlz8,25.0532425,121.53642909999999
13,阿郎薄皮餃子台式小酒館,4.5,臺北市大安區忠孝東路四段177號2號樓之2,150.0,https://ifoodie.tw/restaurant/5f0485002756dd1ba07ed274-%E9%98%BF%E9%83%8E%E8%96%84%E7%9A%AE%E9%A4%83%E5%AD%90%E5%8F%B0%E5%BC%8F%E5%B0%8F%E9%85%92%E9%A4%A8,0287716686,EjoxMDblj7DngaPlj7DljJfluILlpKflronljYDlv6DlrZ3mnbHot6_lm5vmrrUxNzfomZ_mqJPkuYsyIiMaIQoWChQKEgn1WJkNxatCNBH_dS7PAyv-NxIH5qiT5LmLMg,25.0417234,121.55062590000001
14,榕RON Cafe,4.2,臺北市士林區中山北路五段461巷21號,330.0,https://ifoodie.tw/restaurant/559d7abdc03a103ee86c7df8-%E6%A6%95RON-Cafe,0228836883,ChIJzeba56SuQjQRpwMeqiNiqJA,25.091456,121.527133
15,À Point 艾朋牛排餐酒館,4.5,臺北市信義區忠孝東路五段139號2樓,1500.0,https://ifoodie.tw/restaurant/59456f762756dd524dd08e03-%C3%80-Point-%E8%89%BE%E6%9C%8B%E7%89%9B%E6%8E%92%E9%A4%90%E9%85%92%E9%A4%A8,0227567788,EjQxMTDlj7DngaPlj7DljJfluILkv6HnvqnljYDlv6DlrZ3mnbHot6_kupTmrrUxMznomZ8yIh0aGwoWChQKEgmFzOOGu6tCNBEldiMksDudIhIBMg,25.0412618,121.5679254
16,ONCE Cafe & Bar,4.6,臺北市萬華區西寧南路82巷2號,300.0,https://ifoodie.tw/restaurant/5ca372142756dd62daaf41b7-ONCE-Cafe-%26-Bar,0223316266,ChIJN0j_rAmpQjQR9nqPCJjPtbw,25.042325,121.505769
17,AgustoChef  餐酒館 大安店,4.7,臺北市大安區忠孝東路四段216巷27弄15號1樓,800.0,https://ifoodie.tw/restaurant/5f9027ca8c906d5fa569868c-AgustoChef-%E9%A4%90%E9%85%92%E9%A4%A8-%E5%A4%A7%E5%AE%89%E5%BA%97,0227710075,Ej4xMDblj7DngaPlj7DljJfluILlpKflronljYDlv6DlrZ3mnbHot6_lm5vmrrUyMTblt7cyN-W8hDE16JmfMSIdGhsKFgoUChIJJRbw_MWrQjQRXzt7alM-SIYSATE,25.0400263,121.5538803
18,杯盃 PuiBui Cafe & Lounge,4.7,臺北市大安區信義路四段30巷48號,150.0,https://ifoodie.tw/restaurant/5fb28077d6895d036417ea89-%E6%9D%AF%E7%9B%83-PuiBui-Cafe-%26-Lou,0227009082,ChIJ_XCQOdOrQjQRDu3p6ImznEM,25.0318483,121.54449109999999
19,Waiting Bistro,4.5,台北市大安區忠孝東路三段251巷13弄6號1樓,250.0,https://ifoodie.tw/restaurant/5703c9d7699b6e5e09ac4f08-Waiting-Bistro,0928233583,Ej0xMDblj7DngaPlj7DljJfluILlpKflronljYDlv6DlrZ3mnbHot6_kuInmrrUyNTHlt7cxM-W8hDbomZ8xIh0aGwoWChQKEgmLGWyS2atCNBGO0u4B39-1shIBMQ,25.0438197,121.54192549999999
20,Le Ming麵食精釀餐酒館 台北中山店,4.6,臺北市中山區中山北路一段135巷1號,300.0,https://ifoodie.tw/restaurant/5f3d35962756dd0a83ee64b4-Le-Ming%E9%BA%B5%E9%A3%9F%E7%B2%BE%E9%87%80%E9%A4%90%E9%85%92%E9%A4%A8-%E5%8F%B0%E5%8C%97%E4%B8%AD%E5%B1%B1%E5%BA%97,0225813501,ChIJpUdlKW-pQjQRqEgiPStfgEA,25.0513834,121.5227655
21,LORE Taipei,4.2,臺北市中正區信義路二段259號1樓,600.0,https://ifoodie.tw/restaurant/5f9be7eb2261392f566e483a-LORE-Taipei,0223515673,EjExMDDlj7DngaPlj7DljJfluILkuK3mraPljYDkv6Hnvqnot6_kuozmrrUyNTnomZ8xIh0aGwoWChQKEgkHwIX-galCNBEmZfi28W8unxIBMQ,25.033883,121.531609
22,Bottless 非瓶,4.4,台北市松山區慶城街26號,1000.0,https://ifoodie.tw/restaurant/5eb111abd6895d1de0e5f46b-Bottless-%E9%9D%9E%E7%93%B6,0225140089,ChIJKf9fpuerQjQRBOGBq9ACem8,25.0538776,121.54584320000001
23,Parko Parco 義大利牛肚包 中山店,4.5,臺北市大同區赤峰街8巷20之1號,500.0,https://ifoodie.tw/restaurant/5f8afe1d2756dd258386b935-Parko-Parco-%E7%BE%A9%E5%A4%A7%E5%88%A9%E7%89%9B%E8%82%9A%E5%8C%85-%E4%B8%AD,0225508976,ChIJ32bX7WupQjQRabkgbtuGBmU,25.0538074,121.5186808
24,Last Order 餐酒館,4.6,臺北市萬華區漢口街二段75之1號,500.0,https://ifoodie.tw/restaurant/5a60e2b72756dd60a421a22d-Last-Order-%E9%A4%90%E9%85%92%E9%A4%A8,0223822789,ChIJZbMVLw-pQjQRrojIUQPTyj8,25.046170999999998,121.50513899999999
25,噶瑪蘭威士忌酒吧,4.8,臺北市中山區南京東路二段1號2樓,1200.0,https://ifoodie.tw/restaurant/5f5b88102756dd155d8f10dc-%E5%99%B6%E7%91%AA%E8%98%AD%E5%A8%81%E5%A3%AB%E5%BF%8C%E9%85%92%E5%90%A7,0225210880,EjQxMDQ5MeWPsOeBo-WPsOWMl-W4guS4reWxseWNgOWNl-S6rOadsei3r-S6jOautTHomZ8yIh0aGwoWChQKEgk3BrtdZqlCNBEPTRc5qjX6_hIBMg,25.0523303,121.5279494
26,南村｜私廚‧小酒棧,4.5,臺北市大安區忠孝東路四段216巷33弄10號,1210.0,https://ifoodie.tw/restaurant/5867f4b62756dd7579b8f434-%E5%8D%97%E6%9D%91%EF%BD%9C%E7%A7%81%E5%BB%9A%E2%80%A7%E5%B0%8F%E9%85%92%E6%A3%A7,0227117272,ChIJaVwVV8-rQjQR2Z9zT-npveo,25.0392884,121.55348959999999
27,Book ing bar,4.7,台北市大安區仁愛路四段345巷15弄10號,300.0,https://ifoodie.tw/restaurant/5bab332923679c79775b6751-Book-ing-bar,0227754941,ChIJt154rsirQjQRz5bhJN1R1Ik,25.0387838,121.55446599999999
28,CHENDU 94 心肝寶貝,4.6,台北市萬華區成都路94號,300.0,https://ifoodie.tw/restaurant/5d7b151c8c906d410ea08e97-CHENDU-94-%E5%BF%83%E8%82%9D%E5%AF%B6%E8%B2%9D,0223888694,ChIJVZkNXwipQjQROhdh74kCK1c,25.043034,121.50438700000001
29,童裏心柑仔店ÖMAR放感情,4.8,臺北市大安區忠孝東路四段223巷20弄3號,600.0,https://ifoodie.tw/restaurant/5e8705802261395ba4b0b51c-%E7%AB%A5%E8%A3%8F%E5%BF%83%E6%9F%91%E4%BB%94%E5%BA%97%C3%96MAR%E6%94%BE%E6%84%9F%E6%83%85,0227711259,ChIJtf2DMcSrQjQRxnAje1bMghY,25.042583,121.5531777
30,Ulove羽樂歐陸創意料理,4.7,臺北市松山區南京東路四段162號,600.0,https://ifoodie.tw/restaurant/5ae367632756dd3a035aa679-Ulove%E7%BE%BD%E6%A8%82%E6%AD%90%E9%99%B8%E5%89%B5%E6%84%8F%E6%96%99%E7%90%86,0225782656,ChIJMZReWeqrQjQRwtMLUZ1DMT4,25.051395199999998,121.55667209999999
31,She_Design tapas soju bar,4.5,臺北市信義區基隆路一段127號,800.0,https://ifoodie.tw/restaurant/57d59cf22756dd05d585abd8-She_Design-tapas-soj,0287873918,ChIJATL2yr2rQjQRugVHEB-Oka4,25.044506,121.566848
32,Joseph Bistro 想想廚房,4.3,臺北市中山區松江路69巷13號,500.0,https://ifoodie.tw/restaurant/55a5fbe6c03a102ec1415c9e-Joseph-Bistro-%E6%83%B3%E6%83%B3%E5%BB%9A%E6%88%BF,0225081329,ChIJpeXMgGGpQjQR8wcOT2S0PkU,25.0494592,121.5343787
33,大亨餐酒館 Rich Restaurant,4.7,臺北市中山區天津街63號1樓,1500.0,https://ifoodie.tw/restaurant/5f6d90fa2261393eb5508871-%E5%A4%A7%E4%BA%A8%E9%A4%90%E9%85%92%E9%A4%A8-Rich-Restauran,0225423388,EiwxMDQ5MeWPsOeBo-WPsOWMl-W4guS4reWxseWNgOWkqea0peihlzYz6JmfMSIdGhsKFgoUChIJyd4kMm-pQjQRfR27iT3RoX0SATE,25.051619199999998,121.5235351
34,福旺珈琲餐館 Food-Wong Cafe',4.6,臺北市信義區忠孝東路五段524巷一弄7號,450.0,https://ifoodie.tw/restaurant/5d8a26612756dd52a98c48b8-%E7%A6%8F%E6%97%BA%E7%8F%88%E7%90%B2%E9%A4%90%E9%A4%A8-Food-Wong-Caf,0227271098,ChIJRYyeqqGrQjQRTYYxNeKaMIs,25.041325,121.579704
35,BarTwo Taipei 吧吐,4.8,臺北市中山區新生北路二段68巷11號,1200.0,https://ifoodie.tw/restaurant/5f982d0e2756dd19316438e0-BarTwo-Taipei-%E5%90%A7%E5%90%90,0225818382,ChIJLQZ0X12pQjQRY4RZ90qYnH4,25.056452899999996,121.52677150000001
36,木衛二 醫務所,4.2,臺北市大安區光復南路280巷46號1樓,350.0,https://ifoodie.tw/restaurant/5f52fdde2756dd18d60489f6-%E6%9C%A8%E8%A1%9B%E4%BA%8C-%E9%86%AB%E5%8B%99%E6%89%80,0227313800,EjMxMDblj7DngaPlj7DljJfluILlpKflronljYDlhYnlvqnljZfot68yODDlt7c0NuiZnzEiHRobChYKFAoSCT37nxfGq0I0Edz4yerfHA24EgEx,25.0399083,121.55533870000001
37,Thaï.J ATT,4.2,臺北市信義區松壽路12號10樓,700.0,https://ifoodie.tw/restaurant/5a47a44923679c1fb30f44a1-Tha%C3%AF.J-ATT,0277431988,EisxMTDlj7DngaPlj7DljJfluILkv6HnvqnljYDmnb7lo73ot68xMuiZnzEwIh4aHAoWChQKEglbxR-xsKtCNBFwBCAVwbZsjRICMTA,25.03531,121.5660665
38,時光小酒館 Bistro,4.9,臺北市中山區八德路二段289號,300.0,https://ifoodie.tw/restaurant/5f3006832756dd48e1dd680a-%E6%99%82%E5%85%89%E5%B0%8F%E9%85%92%E9%A4%A8-Bistro,0227773510,ChIJq01gTtmrQjQR0IClXiNuyA8,25.0471932,121.5418162
39,Clear-Cut Bar,5.0,臺北市信義區嘉興街12號,300.0,https://ifoodie.tw/restaurant/5efea5372261397a935c81c4-Clear-Cut-Bar,ClearCut Bar,ChIJM3U4GsqrQjQRrQwhNiPlnM8,25.0320607,121.5582979
40,Open開房間桌遊餐酒館,4.8,臺北市大安區辛亥路二段145號一樓,400.0,https://ifoodie.tw/restaurant/5f3f459002935e4d2651cc85-Open%E9%96%8B%E6%88%BF%E9%96%93%E6%A1%8C%E9%81%8A%E9%A4%90%E9%85%92%E9%A4%A8,0227371868,EjYxMDblj7DngaPlj7DljJfluILlpKflronljYDovpvkuqXot6_kuozmrrUxNDXomZ_kuIDmqJMiIhogChYKFAoSCekC74AoqkI0EY6LwM9pei3jEgbkuIDmqJM,25.021716,121.539978
41,燒桶子韓風立燒,4.3,臺北市大安區延吉街99號,600.0,https://ifoodie.tw/restaurant/559d48c7c03a103ee86c5d17-%E7%87%92%E6%A1%B6%E5%AD%90%E9%9F%93%E9%A2%A8%E7%AB%8B%E7%87%92,0227219192,ChIJ3_v-n8arQjQRO1tlFHS-was,25.043331600000002,121.5540896
42,光一肆號,4.2,臺北市大安區新生南路三段76巷2號,450.0,https://ifoodie.tw/restaurant/5ad3752222613912b901ea63-%E5%85%89%E4%B8%80%E8%82%86%E8%99%9F,0223622211,ChIJl4KjDYmpQjQRwcvkHOhlpP8,25.019228,121.53354109999998
43,HOLOLAND Shisha Lounge,4.7,臺北市大安區忠孝東路四段181巷35弄8號,700.0,https://ifoodie.tw/restaurant/5f882dc7d6895d5b7ed2550a-HOLOLAND-Shisha-Loun,0287716158,ChIJI8mFX8SrQjQRtzI1pMBkZmY,25.0438875,121.55126609999998
44,心潮飯店 Sinchao Rice Shoppe,4.1,臺北市信義區忠孝東路五段68號2樓,350.0,https://ifoodie.tw/restaurant/5e3d729e2756dd6fdd794ecc-%E5%BF%83%E6%BD%AE%E9%A3%AF%E5%BA%97-Sinchao-Rice-Sh,0227239976,EjMxMTDlj7DngaPlj7DljJfluILkv6HnvqnljYDlv6DlrZ3mnbHot6_kupTmrrU2OOiZnzIiHRobChYKFAoSCdWs6ey7q0I0EQ_PhwASOwIXEgEy,25.0399434,121.56688009999999
45,TEXAS ROADHOUSE 德州鮮切牛排,3.8,臺北市信義區松高路16號3樓,517.0,https://ifoodie.tw/restaurant/559d6b5ec03a103ee86c7403-TEXAS-ROADHOUSE-%E5%BE%B7%E5%B7%9E%E9%AE%AE%E5%88%87,0227251030,EioxMTDlj7DngaPlj7DljJfluILkv6HnvqnljYDmnb7pq5jot68xNuiZnzMiHRobChYKFAoSCXerjkq6q0I0EUG4AcWY28weEgEz,25.0387252,121.56727959999999
46,Night Eleven,4.8,臺北市信義區吳興街284巷8號之3號,600.0,https://ifoodie.tw/restaurant/5d68fc41d6895d659882cf3d-Night-Eleven,0908680090,ChIJQRyAFkuqQjQR7x9UzpINrj4,25.0250299,121.563699
47,獅旨 日式餐酒 Lionz dining sake bar,4.8,臺北市大安區大安路一段51巷45號,800.0,https://ifoodie.tw/restaurant/5f4faa962756dd2485e73472-%E7%8D%85%E6%97%A8-%E6%97%A5%E5%BC%8F%E9%A4%90%E9%85%92-Lionz-dining,0287710115,ChIJvy3Y1tqrQjQRxmQWflHJ9xw,25.043216,121.54789299999999
48,台北酒驛 Turnout Taipei,4.7,臺北市松山區南京東路五段83號,600.0,https://ifoodie.tw/restaurant/5d480eee8c906d6504d79ebe-%E5%8F%B0%E5%8C%97%E9%85%92%E9%A9%9B-Turnout-Taipei,0225006591,ChIJgXUU05SrQjQROU76CrdSMwg,25.0516858,121.5599639
49,Time's Eat,4.3,臺北市士林區中正路223巷11號,500.0,https://ifoodie.tw/restaurant/55e498ba2756dd5141aeeaf9-Time's-Eat,0228834245,ChIJxTCYR6OuQjQRmu4BA8NwLBM,25.0949137,121.52643190000002
50,ULV Restaurant and Bar,4.5,臺北市大安區敦化南路一段160巷18號一樓,500.0,https://ifoodie.tw/restaurant/5cca9f7b2261396fc7ac624c-ULV-Restaurant-and-B,0287710828,Ej4xMDblj7DngaPlj7DljJfluILlpKflronljYDmlabljJbljZfot6_kuIDmrrUxNjDlt7cxOOiZn-S4gOaokyIiGiAKFgoUChIJcTeK19qrQjQR83lCNhlusfASBuS4gOaokw,25.0434326,121.5476639
51,Maison家 Chinese fusion,4.6,臺北市大安區光復南路290巷41號,400.0,https://ifoodie.tw/restaurant/5b200be12756dd3ae46a63af-Maison%E5%AE%B6-Chinese-fusi,0227217184,ChIJHfq9JsarQjQR6lb3UErenao,25.0392318,121.5559481
52,交易室 TRADERS' SOCIETY,4.5,臺北市松山區市民大道四段15號1樓,400.0,https://ifoodie.tw/restaurant/5f7b2c022756dd2e8ab5aed3-%E4%BA%A4%E6%98%93%E5%AE%A4-TRADERS'-SOCIETY,0227216077,EjMxMDXlj7DngaPlj7DljJfluILmnb7lsbHljYDluILmsJHlpKfpgZPlm5vmrrUxNeiZnzEiHRobChYKFAoSCR_OnLnbq0I0ET46cfS32YmBEgEx,25.0451902,121.54535120000001
53,GiliGili KOREA Bbq&rice韓國釜山餐酒館,4.2,臺北市中山區天津街16號,1200.0,https://ifoodie.tw/restaurant/586be9d32756dd757bb8f8e3-GiliGili-KOREA-Bbq%26r,0225230678,ChIJ8X7QS26pQjQRC7NuTH4NQt0,25.0484305,121.52240359999999
54,Cantine Marais 瑪黑餐酒,4.7,臺北市松山區八德路三段8巷36號1F,400.0,https://ifoodie.tw/restaurant/5f7da2a502935e4c18075d23-Cantine-Marais-%E7%91%AA%E9%BB%91%E9%A4%90%E9%85%92,0227221987,EjUxMDXlj7DngaPlj7DljJfluILmnb7lsbHljYDlhavlvrfot6_kuInmrrU45be3MzbomZ8xRiIiGiAKGhIYChQKEgm5KG5ew6tCNBHGkI9QfrUQ3hAkEgIxRg,25.0457844,121.54968329999998
55,拉圖爾酒廠餐廳La Tour Bistronomy,4.5,臺北市中正區延平南路84巷8號,1200.0,https://ifoodie.tw/restaurant/5e2314802756dd6166092134-%E6%8B%89%E5%9C%96%E7%88%BE%E9%85%92%E5%BB%A0%E9%A4%90%E5%BB%B3La-Tour-Bistr,0223889899,EjAxMDDlj7DngaPlj7DljJfluILkuK3mraPljYDlu7blubPljZfot684NOW3tzjomZ8iGhIYChQKEglLTeUKDKlCNBFevz5taA5LxxAI,25.044619600000004,121.50974140000001
56,英雄塚,4.8,臺北市信義區松隆路9巷32號,400.0,https://ifoodie.tw/restaurant/5d244e5e2261393c4e34a9c1-%E8%8B%B1%E9%9B%84%E5%A1%9A,0227658933,ChIJyVR1tL2rQjQRcJ3zj62bUBQ,25.0444793,121.5673256
57,Bar Weekend,4.8,臺北市大安區信義路三段147巷18號,700.0,https://ifoodie.tw/restaurant/5e7f304ed6895d46c24c44f6-Bar-Weekend,0227018196,ChIJq4kFEtSrQjQRplht6NdKVzk,25.0360889,121.5418351
58,DOMANI,4.4,臺北市大安區建國南路一段65巷7號,500.0,https://ifoodie.tw/restaurant/58e490a4f524681f90fb03c0-DOMANI,0287723355,ChIJT0jRD9irQjQRPEUkwHQebkU,25.044057000000002,121.5376894
59,Bar Mood Taipei 吧沐,4.5,臺北市大安區敦化南路一段160巷53號,1200.0,https://ifoodie.tw/restaurant/5ecfc9342756dd07a27ff04a-Bar-Mood-Taipei-%E5%90%A7%E6%B2%90,0905773621,ChIJFxkk4tqrQjQRHa8IwSyA4yw,25.043701300000002,121.54663049999999
60,JAPOLI義大利餐酒館,4.6,臺北市大安區忠孝東路四段49巷2號B1,450.0,https://ifoodie.tw/restaurant/5633b2ad2756dd46cfcfdc6c-JAPOLI%E7%BE%A9%E5%A4%A7%E5%88%A9%E9%A4%90%E9%85%92%E9%A4%A8,0227316633,EjgxMDblj7DngaPlj7DljJfluILlpKflronljYDlv6DlrZ3mnbHot6_lm5vmrrU0OeW3tzLomZ9CMSIeGhwKFgoUChIJq4zTYtqrQjQR8SG2kwwP7gcSAkIx,25.042205399999997,121.54538079999999
61,花酒藏,4.5,臺北市大安區安和路一段33號,500.0,https://ifoodie.tw/restaurant/559de16fc03a103ee86cb9ae-%E8%8A%B1%E9%85%92%E8%97%8F,0227319266,ChIJeW_poc-rQjQReSWAJWr37xU,25.038791399999997,121.55085559999999
62,甘釜京燒肉韓食餐酒館 市民店,4.8,臺北市松山區市民大道四段133號,500.0,https://ifoodie.tw/restaurant/5f6cac022756dd64f219f64c-%E7%94%98%E9%87%9C%E4%BA%AC%E7%87%92%E8%82%89%E9%9F%93%E9%A3%9F%E9%A4%90%E9%85%92%E9%A4%A8-%E5%B8%82%E6%B0%91%E5%BA%97,0225772511,ChIJvXmGkMSrQjQRXy6kC6L_jr0,25.0448891,121.550421
63,Schumann's Bistro No. 6 南京店,4.3,臺北市松山區南京東路三段303巷8弄11號,800.0,https://ifoodie.tw/restaurant/5de7417a8c906d1d1903367d-Schumann's-Bistro-No,0227188108,ChIJtV2FweerQjQRw4XymeOFBIY,25.053049899999998,121.547308
64,ABV Bar & Kitchen 酒精濃度 地中海餐廳,4.7,臺北市大安區光復南路260巷39號,500.0,https://ifoodie.tw/restaurant/55b9419940b5e303a1d567eb-ABV-Bar-%26-Kitchen-%E9%85%92%E7%B2%BE,0287718114,ChIJkXZFPsarQjQR-7QYo0ZEEFU,25.040155300000002,121.55564809999998
65,Lazy Point,4.4,臺北市內湖區洲子街78號,800.0,https://ifoodie.tw/restaurant/5a7ab65f2756dd7bff171fe3-Lazy-Point,0287515509,ChIJT8IgZWWsQjQRchGArBDH6wQ,25.0795694,121.57185929999999
66,Hush Taipei 餐酒館,4.6,臺北市大安區市民大道四段34號,800.0,https://ifoodie.tw/restaurant/5de4841d8c906d1934df3866-Hush-Taipei-%E9%A4%90%E9%85%92%E9%A4%A8,0227789069,ChIJ2_ftp9urQjQRcFIUF9dT2yE,25.0448262,121.54532009999998
67,Buckskin Yakiniku 柏克金燒肉屋,4.2,臺北市中山區南京東路二段1號2樓,500.0,https://ifoodie.tw/restaurant/5cf621ea23679c0d84a989e2-Buckskin-Yakiniku-%E6%9F%8F%E5%85%8B,0225210882,EjQxMDQ5MeWPsOeBo-WPsOWMl-W4guS4reWxseWNgOWNl-S6rOadsei3r-S6jOautTHomZ8yIh0aGwoWChQKEgk3BrtdZqlCNBEPTRc5qjX6_hIBMg,25.0523303,121.5279494
68,1492 餐廳,4.3,臺北市大安區樂利路30號,7500.0,https://ifoodie.tw/restaurant/5f33b1e8d6895d02d46edf04-1492-%E9%A4%90%E5%BB%B3,0227320128,ChIJ-84IATOqQjQRNQVS71dAylo,25.027020699999998,121.5514307
69,INGE'S Bar&Grill 台北萬豪酒店,4.0,臺北市中山區樂群二路199號20樓,1000.0,https://ifoodie.tw/restaurant/57d057032756dd05d485aa7d-INGE'S-Bar%26Grill-%E5%8F%B0%E5%8C%97%E8%90%AC,0221757997,EjExMDQ5MeWPsOeBo-WPsOWMl-W4guS4reWxseWNgOaogue-pOS6jOi3rzE5OeiZnzIwIh4aHAoWChQKEgkrhgmtcqxCNBHjURX4iNUFhxICMjA,25.0804505,121.55894209999998
70,歐風館自助餐廳 大倉久和大飯店,4.2,臺北市中山區南京東路一段9號2F,2500.0,https://ifoodie.tw/restaurant/559d675ac03a103ee86c7135-%E6%AD%90%E9%A2%A8%E9%A4%A8%E8%87%AA%E5%8A%A9%E9%A4%90%E5%BB%B3-%E5%A4%A7%E5%80%89%E4%B9%85%E5%92%8C%E5%A4%A7%E9%A3%AF%E5%BA%97,0225231111,EjUxMDQ5MeWPsOeBo-WPsOWMl-W4guS4reWxseWNgOWNl-S6rOadsei3r-S4gOautTnomZ8yRiIeGhwKFgoUChIJXyK30WipQjQRQC7Rv1RmemwSAjJG,25.0525475,121.5232747
71,T+T 餐酒館,4.6,臺北市松山區敦化北路165巷11號,500.0,https://ifoodie.tw/restaurant/5e72e881d6895d43cf36913d-T%2BT-%E9%A4%90%E9%85%92%E9%A4%A8,0227199191,ChIJKXQL3eirQjQRQ-UAvoALH10,25.0548598,121.5507086
72,狗毛 Hair of the Dog,4.8,臺北市大安區延吉街70巷5弄1號,750.0,https://ifoodie.tw/restaurant/5f648a1402935e0964178fa2-%E7%8B%97%E6%AF%9B-Hair-of-the-Dog,0901369246,ChIJjQ6WK8SrQjQRlbxn5Hxr1mM,25.0423087,121.553797
73,香色,3.8,臺北市中正區湖口街1之2號,1500.0,https://ifoodie.tw/restaurant/559dbc52c03a103ee86ca27b-%E9%A6%99%E8%89%B2,0223581819,ChIJ1ZdYUZ-pQjQRdfmFohRW3xk,25.0331087,121.5145797
74,Green Door,4.5,臺北市中山區德惠街6之1號,500.0,https://ifoodie.tw/restaurant/5f71f5ee02935e784fc64621-Green-Door,0225911818,ChIJcdrBckWpQjQRbdvetQPKViQ,25.0666051,121.52333190000002
75,EAST END,4.6,臺北市大安區大安路一段56號3F,900.0,https://ifoodie.tw/restaurant/56cc13b22756dd42e0dee5fa-EAST-END,0903531851,EjExMDblj7DngaPlj7DljJfluILlpKflronljYDlpKflronot6_kuIDmrrU1NuiZnzNGIh4aHAoWChQKEgmDW9rz2qtCNBGXgX2AEi3fVxICM0Y,25.043021399999997,121.5460251
76,竹Ta.ke kowloonbay Shisha 九龍灣會館,4.5,臺北市萬華區成都路27巷8之1號,1200.0,https://ifoodie.tw/restaurant/5f5f7caa2756dd62f4409344-%E7%AB%B9Ta.ke-kowloonbay-Sh,0223832263,ChIJibVODAmpQjQR9d21aMLFlwA,25.043037899999998,121.50677900000001
77,巧哚洋房餐飲坊,4.9,臺北市大安區仁愛路四段345巷5弄17號,1200.0,https://ifoodie.tw/restaurant/58c2ec222756dd732b89b488-%E5%B7%A7%E5%93%9A%E6%B4%8B%E6%88%BF%E9%A4%90%E9%A3%B2%E5%9D%8A,0227783347,ChIJCe0JsMirQjQRraO3n5pWvPE,25.0385533,121.5548068
78,OZ Cafe & Bistro,4.4,臺北市信義區吳興街345號,450.0,https://ifoodie.tw/restaurant/5bacb5f2226139127be91eb8-OZ-Cafe-%26-Bistro,0227239120,ChIJJ1T6ULOrQjQRMaULJx6wFh4,25.026498999999998,121.56604499999999
79,N-ice Taipei,4.8,臺北市大安區大安路一段31巷42號,300.0,https://ifoodie.tw/restaurant/5cee35b623679c11905e2206-N-ice-Taipei,0287716601,ChIJK92BJturQjQRrd0RceBmJRM,25.0439215,121.54752069999999
80,Le Kief 菱玖洋服,4.3,臺北市大安區光復南路308巷36號,1300.0,https://ifoodie.tw/restaurant/599b21f82756dd27fa68e799-Le-Kief-%E8%8F%B1%E7%8E%96%E6%B4%8B%E6%9C%8D,0227525009,ChIJ-b8dnsirQjQRrsWiF4eoUWY,25.038975100000002,121.55582109999999
81,幹嘛西班牙餐酒館,4.3,台北市大同區民樂街18號,1430.0,https://ifoodie.tw/restaurant/584a1fd72756dd074c459376-%E5%B9%B9%E5%98%9B%E8%A5%BF%E7%8F%AD%E7%89%99%E9%A4%90%E9%85%92%E9%A4%A8,0225592100,ChIJ76QGZxSpQjQRO0YMBeK-qJ4,25.056068,121.5107946
82,啜飲室 大安,4.5,臺北市大安區仁愛路四段27巷34號,300.0,https://ifoodie.tw/restaurant/55ebf939699b6e2511c573bf-%E5%95%9C%E9%A3%B2%E5%AE%A4-%E5%A4%A7%E5%AE%89,0227735565,ChIJCfVqhNCrQjQRsfUXwawz8to,25.041099,121.5451293
83,紫豔 中餐廳/酒吧 (W Hotel),4.5,臺北市信義區忠孝東路五段10號31樓,1000.0,https://ifoodie.tw/restaurant/559d6a5fc03a103ee86c7308-%E7%B4%AB%E8%B1%94-%E4%B8%AD%E9%A4%90%E5%BB%B3%2F%E9%85%92%E5%90%A7-(W-Hotel),0277038887,EkYxMTDlj7DngaPlj7DljJfluILkv6HnvqnljYDlv6DlrZ3mnbHot6_kupTmrrUxMOiZn-Wci-azsOe9ruWcsOW7o-WgtDMxIh4aHAoWChQKEgm3rhvsu6tCNBHZbIlX0S58VhICMzE,25.0399434,121.56688009999999
84,東京串門子-Tokyo hot炭火串燒,4.4,臺北市大安區市民大道四段36號,400.0,https://ifoodie.tw/restaurant/565604612756dd1d7a1b01ec-%E6%9D%B1%E4%BA%AC%E4%B8%B2%E9%96%80%E5%AD%90-Tokyo-hot%E7%82%AD%E7%81%AB%E4%B8%B2%E7%87%92,0921177101,ChIJYdI6CNurQjQR6f7dyC-2b14,25.044820899999998,121.54560900000001
85,Ombré,4.5,臺北市大安區復興南路二段130之1號2號柚木旁樓,500.0,https://ifoodie.tw/restaurant/5daea21fd6895d1da0cf2eb8-Ombr%C3%A9,0227078884,EjkxMDblj7DngaPlj7DljJfluILlpKflronljYDlvqnoiIjljZfot6_kuozmrrUxMzDomZ_ml4HmqJMiIhogChYKFAoSCdWEWIQsqkI0EZGmofS_9sUnEgbml4HmqJM,25.029176800000002,121.5433031
86,Wild Donkey 野驢小餐館,4.4,臺北市大安區忠孝東路四段216巷33弄5號,1500.0,https://ifoodie.tw/restaurant/5d2c456bd6895d68938fc35a-Wild-Donkey-%E9%87%8E%E9%A9%A2%E5%B0%8F%E9%A4%90%E9%A4%A8,0912390398,ChIJ-675V8-rQjQRrOTs50CNrzQ,25.039516600000002,121.5534072
87,TK Seafood & Steak,4.3,臺北市大安區大安路一段56號,2000.0,https://ifoodie.tw/restaurant/573e01252756dd277dd578bd-TK-Seafood-%26-Steak,0903393008,ChIJg1va89qrQjQRl4F9gBIt31c,25.043021399999997,121.5460251
88,MUGI 木屐,4.7,臺北市松山區市民大道四段137號,1800.0,https://ifoodie.tw/restaurant/575fc165699b6e74b45d138c-MUGI-%E6%9C%A8%E5%B1%90,0225772020,ChIJM9kHkMSrQjQRdN2G8AvyYU8,25.0449373,121.55050849999999
89,當吧PAWN BAR,4.6,臺北市中山區長安東路一段45之2號一樓,280.0,https://ifoodie.tw/restaurant/5f4bb5e82756dd2483e3e88e-%E7%95%B6%E5%90%A7PAWN-BAR,0225311549,Ej4xMDQ5MeWPsOeBo-WPsOWMl-W4guS4reWxseWNgOmVt-Wuieadsei3r-S4gOautTQ15LmLMuiZn-S4gOaokyIiGiAKFgoUChIJ9X_pgGWpQjQRijzzYbfWH2ESBuS4gOaokw,25.0489818,121.52569740000001
90,BRIDGISAN 橋下大叔,3.8,台北市中山區新生北路一段62巷16號,850.0,https://ifoodie.tw/restaurant/57c1d7792756dd02be5cfba3-BRIDGISAN-%E6%A9%8B%E4%B8%8B%E5%A4%A7%E5%8F%94,0225678904,ChIJw6gkmGSpQjQRIUkdC1mZRww,25.046329800000002,121.53062299999999
91,花生俱樂部 Peanut Club,4.6,臺北市大安區大安路一段19巷16號,1000.0,https://ifoodie.tw/restaurant/5e54995cd6895d7de6b458d3-%E8%8A%B1%E7%94%9F%E4%BF%B1%E6%A8%82%E9%83%A8-Peanut-Club,0227752525,ChIJYZhUPdurQjQRGq1NjHfb5Yo,25.04438,121.54701100000001
92,紅皇后 川酒 · Red Queen Bistro,4.6,臺北市大安區樂利路11巷32號,300.0,https://ifoodie.tw/restaurant/5bc8b1f3226139112fdb70bd-%E7%B4%85%E7%9A%87%E5%90%8E-%E5%B7%9D%E9%85%92-%C2%B7-Red-Queen-B,0227323255,ChIJQxcZOTOqQjQRQqBzw6yjC0E,25.028306399999998,121.55248390000001
93,Fu milk tea 福奶茶,4.4,臺北市大安區瑞安街135巷4號,500.0,https://ifoodie.tw/restaurant/5a6f63932756dd652a8e77a1-Fu-milk-tea-%E7%A6%8F%E5%A5%B6%E8%8C%B6,0922114529,ChIJvWj2fymqQjQRpxcKR1F1omQ,25.026770000000003,121.53986299999998
94,青樓中餐館,4.4,臺北市松山區市民大道四段217號,760.0,https://ifoodie.tw/restaurant/5e31aaefd6895d1eb3b572db-%E9%9D%92%E6%A8%93%E4%B8%AD%E9%A4%90%E9%A4%A8,0225788856,ChIJN03dCMSrQjQRV2HLMKzQUeg,25.0446918,121.55320959999999
95,BaganHood 蔬食餐酒館,4.6,臺北市信義區忠孝東路四段553巷46弄11號,1500.0,https://ifoodie.tw/restaurant/5eaadf152756dd71246ecde5-BaganHood-%E8%94%AC%E9%A3%9F%E9%A4%90%E9%85%92%E9%A4%A8,0237622557,ChIJ4_6b776rQjQR5AtvaOSYzeY,25.044332,121.563468
96,ZIGA ZAGA (君悅酒店),4.3,臺北市信義區松壽路2號,800.0,https://ifoodie.tw/restaurant/559d1d42c03a103ee86c4060-ZIGA-ZAGA-(%E5%90%9B%E6%82%85%E9%85%92%E5%BA%97),0227201230,ChIJty1ap7erQjQRttN5LDkQ5oY,25.0353353,121.56277620000002
97,ChamBistro Diner and Bar,4.4,臺北市信義區松壽路9號6樓,1200.0,https://ifoodie.tw/restaurant/5c25006b2261395290129121-ChamBistro-Diner-and,0227222239,EikxMTDlj7DngaPlj7DljJfluILkv6HnvqnljYDmnb7lo73ot6856JmfNiIdGhsKFgoUChIJx7Lbo7CrQjQRy0TR8bF2PbUSATY,25.0366706,121.56670179999999
98,GUSTOSO 義大利餐廳 (慕軒),4.2,台北市敦化南路一段331號2樓,3000.0,https://ifoodie.tw/restaurant/56cc0d83699b6e0f4e53ad67-GUSTOSO-%E7%BE%A9%E5%A4%A7%E5%88%A9%E9%A4%90%E5%BB%B3-(%E6%85%95%E8%BB%92),0277269099,EjIxMDblj7DngaPlj7DljJfluILlpKflronljYDmlabljJbljZfot68x5q61MzMx6JmfMiIdGhsKFgoUChIJMZOp7c2rQjQRUGGnclCWx8cSATI,25.034032800000002,121.54928500000001
99,RAW,4.5,臺北市中山區樂群三路301號,400.0,https://ifoodie.tw/restaurant/559dc70dc03a103ee86ca954-RAW,0285015800,ChIJb6wy1BKsQjQRpVZTHoJhfLA,25.0830221,121.5595239
100,Oopsy Daisy Garden,4.5,臺北市大安區延吉街160巷3號,600.0,https://ifoodie.tw/restaurant/5ca4c1b72756dd7199b52ab1-Oopsy-Daisy-Garden,0916218488,ChIJKwOHAsarQjQRZqxmu0_p5j8,25.0392897,121.5545759
101,豬跳舞小餐館,4.7,臺北市大安區光復南路290巷48號,500.0,https://ifoodie.tw/restaurant/559d1865c03a103ee86c3d96-%E8%B1%AC%E8%B7%B3%E8%88%9E%E5%B0%8F%E9%A4%90%E9%A4%A8,0227316469,ChIJif-sI8arQjQRPNWqALwCGP4,25.0394878,121.555697
102,Savior Lounge Bar 救世主小酒館,4.6,臺北市萬華區漢口街二段34巷10號,300.0,https://ifoodie.tw/restaurant/5ea996c48c906d139203ece3-Savior-Lounge-Bar-%E6%95%91%E4%B8%96,0223116677,ChIJGRfASgmpQjQRD4tpHWauFLU,25.0450599,121.50711729999999
103,J FULL 賈福廚房,4.4,臺北市大安區復興南路二段148巷27號,380.0,https://ifoodie.tw/restaurant/5932fad12756dd1a692fb85b-J-FULL-%E8%B3%88%E7%A6%8F%E5%BB%9A%E6%88%BF,0227043055,ChIJGSehmiuqQjQR-EUctwWNBmM,25.028269100000003,121.5419288
104,Wyatt’s,4.9,台北市大安區通化街39巷49弄17號,150.0,https://ifoodie.tw/restaurant/5f33fb0d2756dd48dee2853f-Wyatt%E2%80%99s,Wyatt's,ChIJNdRxoMurQjQR90ZyUt4mZ1E,25.0311363,121.555648
105,L'IDIOT RESTAURANT 驢子餐廳,4.5,臺北市中山區林森北路369號,1500.0,https://ifoodie.tw/restaurant/559d8850c03a103ee86c8518-L'IDIOT-RESTAURANT-%E9%A9%A2,0903393098,ChIJP0riSl2pQjQR2mral-4oNFo,25.0578555,121.52575890000001
106,後院,4.5,臺北市大安區安和路二段23巷4號,1200.0,https://ifoodie.tw/restaurant/5bc7462c2756dd028bc8be40-%E5%BE%8C%E9%99%A2,0227047818,ChIJEW7EYMyrQjQR4hM4fcaEowI,25.032023300000002,121.5528675
107,曜日義式餐酒館,4.6,台北市大安區東豐街53號1樓,400.0,https://ifoodie.tw/restaurant/59ca97622756dd432294907c-%E6%9B%9C%E6%97%A5%E7%BE%A9%E5%BC%8F%E9%A4%90%E9%85%92%E9%A4%A8,0227085910,EioxMDblj7DngaPlj7DljJfluILlpKflronljYDmnbHosZDooZc1M-iZnzEiHRobChYKFAoSCUkrvfPRq0I0ESe-rQjIWcc4EgEx,25.036141699999998,121.54714609999999
108,義瑪卡多天母咖啡廳,4.1,臺北市士林區忠誠路二段162號,800.0,https://ifoodie.tw/restaurant/5f296efd2756dd3a9c8ebee8-%E7%BE%A9%E7%91%AA%E5%8D%A1%E5%A4%9A%E5%A4%A9%E6%AF%8D%E5%92%96%E5%95%A1%E5%BB%B3,0228755229,ChIJWcveGYGuQjQRYbGj1UI9QhA,25.1153854,121.53301699999999
109,"VG The Seafood Bar , Taipei",4.6,台北市大安區敦化南路二段11巷6號,1000.0,https://ifoodie.tw/restaurant/5b894fc52756dd37ce912e5e-VG-The-Seafood-Bar-%2C,0905576068,ChIJocJyns2rQjQRqMgnAdrWjh4,25.0325122,121.54986880000001
110,La Facette 酒窩,4.5,臺北市大安區忠孝東路四段122號,1000.0,https://ifoodie.tw/restaurant/5d347448d6895d214b9f2dc9-La-Facette-%E9%85%92%E7%AA%A9,0287722686,ChIJXSg9odqrQjQRikqJMAygdwE,25.041207999999997,121.547269
111,ANTICO FORNO 老烤箱義式手桿披薩,4.4,臺北市大安區瑞安街141號,355.0,https://ifoodie.tw/restaurant/559d53b6c03a103ee86c63f9-ANTICO-FORNO-%E8%80%81%E7%83%A4%E7%AE%B1%E7%BE%A9%E5%BC%8F%E6%89%8B%E6%A1%BF,0227063322,ChIJUcEGgSmqQjQRDxYAH21XwxU,25.0266512,121.5396398
112,Toasteria Cafe 永康旗艦店,4.1,臺北市大安區信義路二段200號,2000.0,https://ifoodie.tw/restaurant/58a73b922756dd4667687e15-Toasteria-Cafe-%E6%B0%B8%E5%BA%B7%E6%97%97%E8%89%A6%E5%BA%97,0223210073,ChIJPU89EYKpQjQRy5X5j5t7gbg,25.0334547,121.5303521
113,地中海牛排館 歐華酒店,4.6,臺北市中山區林森北路646號,1000.0,https://ifoodie.tw/restaurant/559d717ac03a103ee86c782a-%E5%9C%B0%E4%B8%AD%E6%B5%B7%E7%89%9B%E6%8E%92%E9%A4%A8-%E6%AD%90%E8%8F%AF%E9%85%92%E5%BA%97,0225853258,ChIJW8z2HVCpQjQRzKTxN4-FP70,25.068241600000004,121.52557379999999
114,ROOM by Le Kief,4.3,臺北市大安區復興南路一段107巷5弄10號1樓,1500.0,https://ifoodie.tw/restaurant/5e72e769226139178802bc29-ROOM-by-Le-Kief,0227116007,Ej0xMDblj7DngaPlj7DljJfluILlpKflronljYDlvqnoiIjljZfot6_kuIDmrrUxMDflt7c15byEMTDomZ8xIh0aGwoWChQKEgmDYmBN2qtCNBHDqgXNRpNTGBIBMQ,25.0441212,121.5448287
115,Intention,4.8,臺北市大安區敦化南路一段219號2樓,1000.0,https://ifoodie.tw/restaurant/559d4728c03a103ee86c5c2b-Intention,0287727265,EjIxMDblj7DngaPlj7DljJfluILlpKflronljYDmlabljJbljZfot68x5q61MjE56JmfMiIdGhsKFgoUChIJVVw5RcWrQjQRX0OEGXFY2f4SATI,25.0411082,121.5492372
116,a poet,4.5,臺北市大安區敦化南路一段295巷9號,1688.0,https://ifoodie.tw/restaurant/559d02fbc03a103ee86c3346-a-poet,0227090068,ChIJ25_Ycs6rQjQRZHTOsW-vTmk,25.0356192,121.54989520000001
117,KABU和Bistro,4.4,臺北市大安區樂利路11巷13號,500.0,https://ifoodie.tw/restaurant/5c1130022261397c44f8c9ba-KABU%E5%92%8CBistro,0227372843,ChIJLaVAJDOqQjQRzyYgflAAqDE,25.0284864,121.55169540000001
118,女人胃小館 Stomach Paradise,4.4,臺北市信義區光復南路419之1號,1200.0,https://ifoodie.tw/restaurant/5f1aee942756dd340b8706ab-%E5%A5%B3%E4%BA%BA%E8%83%83%E5%B0%8F%E9%A4%A8-Stomach-Paradi,0227584070,ChIJuw3QT8irQjQROO1QvGzt5mM,25.0364479,121.55776409999999
119,小城外 Bar CityNorth,4.5,臺北市大同區民樂街34號,250.0,https://ifoodie.tw/restaurant/59860a4e2756dd22a6bd2af5-%E5%B0%8F%E5%9F%8E%E5%A4%96-Bar-CityNorth,0225595560,ChIJO66LXBSpQjQRT5fUBsM2tOE,25.0564743,121.51077790000001
120,Relay Taîpas西班牙創意餐酒館,4.8,臺北市大安區四維路6巷22號,650.0,https://ifoodie.tw/restaurant/5ebcd6e5d6895d1fe02f0d14-Relay-Ta%C3%AEpas%E8%A5%BF%E7%8F%AD%E7%89%99%E5%89%B5%E6%84%8F%E9%A4%90%E9%85%92%E9%A4%A8,0227010529,ChIJSQTlwtGrQjQRFmwSvpxW9Tg,25.037136800000003,121.54757659999999
121,Power beef,4.3,臺北市大安區金山南路一段50號,600.0,https://ifoodie.tw/restaurant/58dfebd32756dd7a7d2b3b5f-Power-beef,0223952583,ChIJD6R6t3upQjQRfoKWhCe0nDQ,25.0414435,121.52918490000002
122,Drunk Play爛醉不累,4.5,松壽路12號11樓,600.0,https://ifoodie.tw/restaurant/5e3250a1d6895d33b6d89a41-Drunk-Play%E7%88%9B%E9%86%89%E4%B8%8D%E7%B4%AF,0277457577,EisxMTDlj7DngaPlj7DljJfluILkv6HnvqnljYDmnb7lo73ot68xMuiZnzExIh4aHAoWChQKEglbxR-xsKtCNBFwBCAVwbZsjRICMTE,25.03531,121.5660665
123,溫度小館Chaleureux,4.3,臺北市信義區莊敬路391巷3弄16號,600.0,https://ifoodie.tw/restaurant/56ba2a052756dd5b65a946b8-%E6%BA%AB%E5%BA%A6%E5%B0%8F%E9%A4%A8Chaleureux,0227580838,ChIJee7pgLSrQjQRx_JwzqFli8M,25.028695000000003,121.565279
124,Luigi 路易奇洗衣公司,3.9,台北市信義區安和路一段112巷1號1樓,1500.0,https://ifoodie.tw/restaurant/5bd08c1723679c43c56fddb7-Luigi-%E8%B7%AF%E6%98%93%E5%A5%87%E6%B4%97%E8%A1%A3%E5%85%AC%E5%8F%B8,0227553709,EjUxMDblj7DngaPlj7DljJfluILlpKflronljYDlronlkozot6_kuIDmrrUxMTLlt7cx6JmfMSIdGhsKFgoUChIJiz9AJcyrQjQR2Z-2RAfGzFMSATE,25.0339539,121.5520768
125,桂公子酒館 Highballer's Bar,4.3,台北市中山區民生東路一段37號,800.0,https://ifoodie.tw/restaurant/5ca3768c22613971a2f020ac-%E6%A1%82%E5%85%AC%E5%AD%90%E9%85%92%E9%A4%A8-Highballer's-B,0225373649,ChIJJYmiNl2pQjQRDF-8fV0IaGM,25.0581954,121.5260152
126,Fourplay 2.0,4.5,臺北市大安區東豐街61號,500.0,https://ifoodie.tw/restaurant/5e0ae0412261395338f8bf73-Fourplay-2.0,0227073802,ChIJzWT_8NGrQjQRN-obMwUaVlM,25.0361027,121.54746659999999
127,Broccoli Beer 韓國餐酒食堂,4.5,台北市中山區松江路40號,700.0,https://ifoodie.tw/restaurant/575077ae2756dd0896fa07ba-Broccoli-Beer-%E9%9F%93%E5%9C%8B%E9%A4%90%E9%85%92%E9%A3%9F%E5%A0%82,0225236878,ChIJR5llmGOpQjQRrvpGNhCYKeY,25.0477081,121.53267379999998
128,十方長私廚料理,4.5,臺北市大安區仁愛路四段48巷21號,1200.0,https://ifoodie.tw/restaurant/5d5d53a02756dd2f1027b4c8-%E5%8D%81%E6%96%B9%E9%95%B7%E7%A7%81%E5%BB%9A%E6%96%99%E7%90%86,0227089123,ChIJT1QO7dGrQjQRbr6s7dKUehA,25.036541500000002,121.54712679999999
129,CÉ LA VI Taipei,4.4,臺北市信義區松智路17號48F,1500.0,https://ifoodie.tw/restaurant/5cc708a72756dd5865e49fa9-C%C3%89-LA-VI-Taipei,0909956000,EiwxMTDlj7DngaPlj7DljJfluILkv6HnvqnljYDmnb7mmbrot68xN-iZnzQ4RiIfGh0KFgoUChIJUXEeK7erQjQRBaHRUIN3ybMSAzQ4Rg,25.034307300000002,121.56595549999999
130,洞香春,4.1,台北市松山區復興北路313巷36號,1200.0,https://ifoodie.tw/restaurant/5be3d79f23679c419a2bd445-%E6%B4%9E%E9%A6%99%E6%98%A5,0227170700,ChIJP69CvOWrQjQRj9XX2v45VZE,25.058811399999996,121.54671289999999
131,Beer Talk Cafe & Bar 台北基隆路店,4.2,臺北市信義區基隆路二段115號,500.0,https://ifoodie.tw/restaurant/5e675d628c906d463d11e457-Beer-Talk-Cafe-%26-Bar,0223782211,ChIJ2Y0O18qrQjQRWL21KCytPtk,25.028666100000002,121.55716770000001
132,Privado Trio 小酒館 早午餐,4.4,臺北市中正區金門街24巷35號1樓,150.0,https://ifoodie.tw/restaurant/5cdac3bb23679c7054c5d4fe-Privado-Trio-%E5%B0%8F%E9%85%92%E9%A4%A8-%E6%97%A9%E5%8D%88%E9%A4%90,0223621207,Ei8xMDDlj7DngaPlj7DljJfluILkuK3mraPljYDph5HploDooZcyNOW3tzM16JmfMSIdGhsKFgoUChIJK-8dIJGpQjQRNgqfXz5J61QSATE,25.023178,121.521295
133,Prozac Balcony 百憂解陽台,4.6,臺北市大安區復興南路二段309號,1000.0,https://ifoodie.tw/restaurant/5efd307f02935e43ea453406-Prozac-Balcony-%E7%99%BE%E6%86%82%E8%A7%A3%E9%99%BD%E5%8F%B0,0223771118,ChIJAy-JxC6qQjQRjm301IjFoAw,25.024077899999998,121.543722
134,BOX Taipei,4.6,臺北市大安區市民大道四段118號,700.0,https://ifoodie.tw/restaurant/5d803289d6895d124eaac9c1-BOX-Taipei,0227760080,ChIJcVnOi8SrQjQRzHwwktg94V8,25.044364,121.551064
135,摩德年代-Modism Muses 繆斯餐酒館,4.2,臺北市士林區中山北路五段433號,500.0,https://ifoodie.tw/restaurant/5ef33f16d6895d4ec928decb-%E6%91%A9%E5%BE%B7%E5%B9%B4%E4%BB%A3-Modism-Muses-%E7%B9%86%E6%96%AF,0228881178,ChIJtQFS4KSuQjQRvO3SfbzyBzE,25.0909457,121.52716540000002
136,WOOBAR,4.3,臺北市信義區忠孝東路五段10號10F,1000.0,https://ifoodie.tw/restaurant/559d645bc03a103ee86c6e9e-WOOBAR,0277038887,EkcxMTDlj7DngaPlj7DljJfluILkv6HnvqnljYDlv6DlrZ3mnbHot6_kupTmrrUxMOiZn-Wci-azsOe9ruWcsOW7o-WgtDEwRiIfGh0KFgoUChIJt64b7LurQjQR2WyJV9EufFYSAzEwRg,25.0399434,121.56688009999999
137,Sidebar,4.7,台北市大安區文昌街275號,600.0,https://ifoodie.tw/restaurant/5b5225382756dd5201851a59-Sidebar,0908087433,ChIJ_xydx8urQjQRuuwsDrxKQf0,25.032338,121.556099
138,D Town by A Train,4.6,臺北市大安區忠孝東路四段49巷2號2樓,1000.0,https://ifoodie.tw/restaurant/5ad8dae72756dd41bee11f3c-D-Town-by-A-Train,0227212772,EjcxMDblj7DngaPlj7DljJfluILlpKflronljYDlv6DlrZ3mnbHot6_lm5vmrrU0OeW3tzLomZ8yIh0aGwoWChQKEgmrjNNi2qtCNBHxIbaTDA_uBxIBMg,25.042205399999997,121.54538079999999
139,QAFE Room,4.2,臺北市信義區松仁路90號,600.0,https://ifoodie.tw/restaurant/5eef6d0b2756dd446e3086ae-QAFE-Room,0287896838,ChIJFxlnibCrQjQRHpZHDrMByTk,25.0351042,121.5679889
140,去斯萬家,4.9,臺北市大安區金華街223之2號,600.0,https://ifoodie.tw/restaurant/5f573f5bd6895d61c06e010e-%E5%8E%BB%E6%96%AF%E8%90%AC%E5%AE%B6,0223515757,ChIJP6VBjoOpQjQRhvlmy_mfDIU,25.0298563,121.52941580000001
141,PACKIE銀杏川酒菜館,4.3,台北市區松壽路九號六樓,1000.0,https://ifoodie.tw/restaurant/5beadce623679c3099c7f14e-PACKIE%E9%8A%80%E6%9D%8F%E5%B7%9D%E9%85%92%E8%8F%9C%E9%A4%A8,0227208128,ChIJKSJypLCrQjQRu_omVl1kRx0,25.0361863,121.5668566
142,江雁塘新時尚鐵板燒,4.5,臺北市新生北路三段7號1樓,1000.0,https://ifoodie.tw/restaurant/55a550ebc03a10241de65b7d-%E6%B1%9F%E9%9B%81%E5%A1%98%E6%96%B0%E6%99%82%E5%B0%9A%E9%90%B5%E6%9D%BF%E7%87%92,0225926580,EjQxMDQ5MeWPsOeBo-WPsOWMl-W4guS4reWxseWNgOaWsOeUn-WMl-i3r-S4ieautTfomZ8xIh0aGwoWChQKEgnraDwPW6lCNBGKCkYh9p5e4RIBMQ,25.063364399999998,121.52807560000001
143,B612 Restaurant & Bar - B612餐酒館,4.7,臺北市大安區光復南路260巷51號,600.0,https://ifoodie.tw/restaurant/5db2df8422613978770e3fef-B612-Restaurant-%26-Ba,0227796088,ChIJi3g4EcarQjQRr3hGPh5Il0M,25.0400559,121.55514299999999
144,瑋恩波士頓餐廳,4.4,臺北市中山區新生北路一段88號,1680.0,https://ifoodie.tw/restaurant/55a5bf95c03a10241de67fb8-%E7%91%8B%E6%81%A9%E6%B3%A2%E5%A3%AB%E9%A0%93%E9%A4%90%E5%BB%B3,0225419530,ChIJGfix9WSpQjQRaxUHxXPk9ko,25.047662300000002,121.5296496
145,Woolloomooloo,4.0,臺北市信義區信義路4段379號,500.0,https://ifoodie.tw/restaurant/559d1878c03a103ee86c3d9e-Woolloomooloo,0287890128,ChIJlxI4ismrQjQRIrU-GfFcP70,25.0333157,121.55813529999999
146,WINE-derful葡萄酒主題餐廳,4.4,台北市中山區民生東路三段27號1樓,1000.0,https://ifoodie.tw/restaurant/5730d18c2756dd72d0f68374-WINE-derful%E8%91%A1%E8%90%84%E9%85%92%E4%B8%BB%E9%A1%8C%E9%A4%90%E5%BB%B3,0225182122,EjUxMDQ5MeWPsOeBo-WPsOWMl-W4guS4reWxseWNgOawkeeUn-adsei3r-S4ieautTI36JmfMSIdGhsKFgoUChIJmdSbkeGrQjQRquvbT8BZQ2oSATE,25.058073800000003,121.5388498
147,To Infinity & Beyond,4.6,臺北市大安區敦化南路一段160巷13號,400.0,https://ifoodie.tw/restaurant/5e720a442261394a16cecbb1-To-Infinity-%26-Beyond,0287718890,ChIJl71VKNurQjQRSdKjAFORjro,25.043669199999997,121.5478705
148,義寓Come a casa 歐式餐酒館,4.8,臺北市大安區四維路208巷12號,1980.0,https://ifoodie.tw/restaurant/5e7380232756dd355d25f45a-%E7%BE%A9%E5%AF%93Come-a-casa-%E6%AD%90%E5%BC%8F%E9%A4%90%E9%85%92%E9%A4%A8,0227007080,ChIJK-x-6y2qQjQRW_qIXzXFlCU,25.0262603,121.54735409999999
149,一時無酉 abvless,4.9,臺北市中山區中山北路二段26巷18號,600.0,https://ifoodie.tw/restaurant/5ed50f162756dd23ad7269ba-%E4%B8%80%E6%99%82%E7%84%A1%E9%85%89-abvless,一時無酉 abvless,ChIJ_T73FGmpQjQRXEKYPSUrATU,25.0539245,121.52145039999999
150,大嗑西式餐館,4.6,臺北市中正區濟南路二段18之3號,1000.0,https://ifoodie.tw/restaurant/559d6308c03a103ee86c6d68-%E5%A4%A7%E5%97%91%E8%A5%BF%E5%BC%8F%E9%A4%90%E9%A4%A8,0223948810,ChIJjZQ3GnqpQjQRlgrRZ_TjHiM,25.0411,121.526569
151,BAR 忠 Chu,4.5,台湾台北市中山區新生北路三段18號,1200.0,https://ifoodie.tw/restaurant/5c60dafa226139721d2b6e30-BAR-%E5%BF%A0-Chu,BAR 忠 Chu,ChIJQ3NNF1upQjQR_HxTSADc9MI,25.063543,121.52735619999999
152,巴賽麗廳 (亞都麗緻大飯店),4.3,臺北市中山區民權東路二段41號,1200.0,https://ifoodie.tw/restaurant/559d5774c03a103ee86c6685-%E5%B7%B4%E8%B3%BD%E9%BA%97%E5%BB%B3-(%E4%BA%9E%E9%83%BD%E9%BA%97%E7%B7%BB%E5%A4%A7%E9%A3%AF%E5%BA%97),0225971234,ChIJt3yXuFupQjQRFQc-U06YBg4,25.0627786,121.52996759999999
153,島Dau,4.8,臺北市大安區忠孝東路四段223巷34號,400.0,https://ifoodie.tw/restaurant/5ed7b2742756dd43d595b064-%E5%B3%B6Dau,0227710609,ChIJR4e0O8SrQjQRWEF2z9zmIS0,25.043101,121.55316599999999
154,dé PLACE 德普雷斯,4.3,臺北市大安區敦化南路一段161巷69弄5號,360.0,https://ifoodie.tw/restaurant/57b1402623679c73557787fd-d%C3%A9-PLACE-%E5%BE%B7%E6%99%AE%E9%9B%B7%E6%96%AF,0227110611,ChIJy70La8SrQjQR-pzWtFTGfDs,25.0439753,121.5525144
155,Nite Nite 酒鈅酒 Bistro Bar,4.7,臺北市大安區復興南路二段185號,1000.0,https://ifoodie.tw/restaurant/5e744bed8c906d15f806de9f-Nite-Nite-%E9%85%92%E9%88%85%E9%85%92-Bistro,0223256789,ChIJHd_nECyqQjQRLDKCLH1Kryk,25.026734,121.5436858
156,The Scent,4.5,台北市信義區菸廠路88號B2,500.0,https://ifoodie.tw/restaurant/5e460eb38c906d4c9be36c24-The-Scent,松菸誠品 the Scent小所在,EisxMTDlj7DngaPlj7DljJfluILkv6HnvqnljYDoj7jlu6Dot684OOiZn0IyIh4aHAoWChQKEgnnmZgTv6tCNBHiELOr1lgW7BICQjI,25.0445662,121.56144669999999
157,貓下去敦北俱樂部,4.3,台北市松山區敦化北路218號,700.0,https://ifoodie.tw/restaurant/58600ae82756dd757bb8f24e-%E8%B2%93%E4%B8%8B%E5%8E%BB%E6%95%A6%E5%8C%97%E4%BF%B1%E6%A8%82%E9%83%A8,0227177596,ChIJBdquZO-rQjQRRJ44hbWSW7Y,25.058510000000002,121.5488
158,香頌私宅會館,4.1,臺北市中山區建國北路二段52號,2200.0,https://ifoodie.tw/restaurant/5835dbaf2756dd4996cca2d9-%E9%A6%99%E9%A0%8C%E7%A7%81%E5%AE%85%E6%9C%83%E9%A4%A8,0225018252,ChIJB8aKBmCpQjQR7T-i0gg4JUU,25.053918200000002,121.53644229999999
159,steak bistro 和洋,4.1,臺北市信義區松仁路58號3樓,5000.0,https://ifoodie.tw/restaurant/5ea77bdb22613928cc3e5b03-steak-bistro-%E5%92%8C%E6%B4%8B,0287863331,EioxMTDlj7DngaPlj7DljJfluILkv6HnvqnljYDmnb7ku4Hot681OOiZnzMiHRobChYKFAoSCTP0YGK6q0I0EdrlsIhCJFUaEgEz,25.0368521,121.5676666
160,A Mini Bistro。小館,4.6,臺北市文山區辛亥路四段101巷13弄2號,450.0,https://ifoodie.tw/restaurant/57efc820699b6e36353e9477-A-Mini-Bistro%E3%80%82%E5%B0%8F%E9%A4%A8,0229313452,ChIJuXm5BkCqQjQR5BimuPKSKWM,25.006532,121.56012199999999
161,重點 El punto 南美風情臻品料理,4.6,台北市大安區仁愛路四段345巷4弄12號,500.0,https://ifoodie.tw/restaurant/5d2c4546226139541a4a8299-%E9%87%8D%E9%BB%9E-El-punto-%E5%8D%97%E7%BE%8E%E9%A2%A8%E6%83%85%E8%87%BB%E5%93%81%E6%96%99%E7%90%86,0227312255,ChIJGXvvT8-rQjQR3bETN1BxMiA,25.0388479,121.5534778
162,ALLEY181,4.7,臺北市大安區忠孝東路四段181巷39號,400.0,https://ifoodie.tw/restaurant/5d5cd1f18c906d7dc988c6d2-ALLEY181,0988881588,ChIJ95B9i8SrQjQR2rA3rPsOvPY,25.0442456,121.55089779999999
163,Flybar1993,4.9,臺北市北投區大業路629號之一,600.0,https://ifoodie.tw/restaurant/5ec1c2f18c906d7d19187c65-Flybar1993,0918179888,ChIJXz3fKU6uQjQRBfxcRkOP2_c,25.1368175,121.4979422
164,李上LeeSang,4.5,臺北市中山區南京東路一段130之4號二樓,300.0,https://ifoodie.tw/restaurant/5fa8bbf922613932fcc0b493-%E6%9D%8E%E4%B8%8ALeeSang,0225223992,EjsxMDQ5MeWPsOeBo-WPsOWMl-W4guS4reWxseWNgOWNl-S6rOadsei3r-S4gOautTEzMOiZn-S6jOaokyIiGiAKFgoUChIJI_7sEmapQjQRfTMLJp8K_gQSBuS6jOaokw,25.0519112,121.5271864
165,心白,4.4,臺北市中山區松江路372巷28號,500.0,https://ifoodie.tw/restaurant/59f0d3552756dd291cc670ce-%E5%BF%83%E7%99%BD,0225910609,ChIJX3WGd1mpQjQRg4e05c-UHFw,25.0630221,121.53200249999999
166,溫叨 Cafe & Dining,3.9,台北市信義區菸廠路88號2樓,600.0,https://ifoodie.tw/restaurant/5dad632322613956ab8325fd-%E6%BA%AB%E5%8F%A8-Cafe-%26-Dining,0266388007,EioxMTDlj7DngaPlj7DljJfluILkv6HnvqnljYDoj7jlu6Dot684OOiZnzIiHRobChYKFAoSCeeZmBO_q0I0EeIQs6vWWBbsEgEy,25.0445662,121.56144669999999
167,房間餐酒 The Room Bistro,4.7,台北市大安區敦化南路一段160巷56號,500.0,https://ifoodie.tw/restaurant/5e3a84428c906d110f327ce7-%E6%88%BF%E9%96%93%E9%A4%90%E9%85%92-The-Room-Bistro,0227731665,ChIJse9H4dqrQjQRWC22EroHOqs,25.0434952,121.54673840000001
168,Bar M,4.5,台北市中正區羅斯福路二段20號,350.0,https://ifoodie.tw/restaurant/5d8d6d2c2261391eb2cbc9ea-Bar-M,0966024881,ChIJky6vNZqpQjQR-hc-JhfE91g,25.0285738,121.5210413
169,R SQUARED Taipei,4.4,臺北市信義區仁愛路四段452巷8號一樓,500.0,https://ifoodie.tw/restaurant/5ec53d372756dd0432ab2114-R-SQUARED-Taipei,0227322722,EjoxMTDlj7DngaPlj7DljJfluILkv6HnvqnljYDku4HmhJvot6_lm5vmrrU0NTLlt7c46Jmf5LiA5qiTIiIaIAoWChQKEgkFLygYyKtCNBGYXPkPjBlIjRIG5LiA5qiT,25.036965300000002,121.55911699999999
170,隱城•小城外,4.4,臺北市大安區信義路三段160號,400.0,https://ifoodie.tw/restaurant/5eddae268c906d2175aa7e04-%E9%9A%B1%E5%9F%8E%E2%80%A2%E5%B0%8F%E5%9F%8E%E5%A4%96,0227017898,ChIJ-_WO6tSrQjQRDPSIEBhKx8c,25.0332272,121.5411247
171,solo pasta,4.3,臺北市大安區安和路一段29之1號,500.0,https://ifoodie.tw/restaurant/559de003c03a103ee86cb890-solo-pasta,0227753645,ChIJWejhmc-rQjQRhQ__N9HrEJA,25.039224100000002,121.55043710000001
172,紙醉金迷 RELAX TAIPEI,4.4,臺北市大安區延吉街62巷12號,550.0,https://ifoodie.tw/restaurant/5cb7351323679c1623aa5d8e-%E7%B4%99%E9%86%89%E9%87%91%E8%BF%B7-RELAX-TAIPEI,0227760603,ChIJhQl6PcSrQjQR3xX0P1bt6sE,25.043524899999998,121.5532608
173,Osteria Toccare 兔卡蕾餐酒館,4.3,臺北市中山區松江路235巷9號,1000.0,https://ifoodie.tw/restaurant/559dc2e3c03a103ee86ca6e4-Osteria-Toccare-%E5%85%94%E5%8D%A1%E8%95%BE%E9%A4%90,0225179207,ChIJK1si316pQjQRcBJ9m0RhGK0,25.0589768,121.53400239999999
174,Bar Turning Point,4.2,台北市中山北路二段77巷8-7號,1200.0,https://ifoodie.tw/restaurant/5eac306c2756dd71236ed79c-Bar-Turning-Point,Bar Turning Point,ChIJWyiqnkKpQjQRK_y5FAet5eQ,25.057439600000002,121.52377320000001
175,去憂餐酒館 Chill Bistro & Bar,4.6,臺北市信義區忠孝東路五段15巷10號的隔壁,800.0,https://ifoodie.tw/restaurant/5bf6991e2261396e34fb4aed-%E5%8E%BB%E6%86%82%E9%A4%90%E9%85%92%E9%A4%A8-Chill-Bistro-%26,0225287733,ChIJDX92xbarQjQRw_BGvjRxclc,25.0416815,121.5654331
176,Snail蝸牛餐廳 歐義料理,4.7,臺北市士林區天母北路60號,1200.0,https://ifoodie.tw/restaurant/5b43a3ed2756dd28ca44de72-Snail%E8%9D%B8%E7%89%9B%E9%A4%90%E5%BB%B3-%E6%AD%90%E7%BE%A9%E6%96%99%E7%90%86,0228729300,ChIJ3wu0OH2uQjQRXULlxzMmlCA,25.121601300000002,121.5266611
177,Brooklyn Café 布魯克林小餐館,4.4,臺北市松山區南京東路四段75巷14弄1號1樓,400.0,https://ifoodie.tw/restaurant/5eb2c8542756dd0ba27bcdfa-Brooklyn-Caf%C3%A9-%E5%B8%83%E9%AD%AF%E5%85%8B%E6%9E%97%E5%B0%8F%E9%A4%90,0227197358,EjwxMDXlj7DngaPlj7DljJfluILmnb7lsbHljYDljZfkuqzmnbHot6_lm5vmrrU3NeW3tzE05byEMeiZnzEiHRobChYKFAoSCeW_coXpq0I0EdaEpp_owU34EgEx,25.0521839,121.55363020000001
178,Draft Land,4.7,臺北市大安區忠孝東路四段248巷2號1樓,150.0,https://ifoodie.tw/restaurant/5c90f5de2261396f08cce851-Draft-Land,0227318975,EjoxMDblj7DngaPlj7DljJfluILlpKflronljYDlv6DlrZ3mnbHot6_lm5vmrrUyNDjlt7cyLTHomZ8xIh0aGwoWChQKEglRWiXfxatCNBH5QsrNH6BkbhIBMQ,25.0410637,121.5539572
179,Spice Cuisine,4.8,臺北市中山區南京東路三段216巷21號,1200.0,https://ifoodie.tw/restaurant/5eddab3922613909bf63de0a-Spice-Cuisine,0227788841,ChIJQyA03d2rQjQRgalJFESW0sk,25.0510875,121.5435293
180,HOMELESS BISTRO 吾家可歸餐酒館,4.6,臺北市大安區光復南路308巷49號,800.0,https://ifoodie.tw/restaurant/5ac7b7e32756dd38a572c47f-HOMELESS-BISTRO-%E5%90%BE%E5%AE%B6%E5%8F%AF%E6%AD%B8,0227766962,ChIJuaugn8irQjQRIJnoWfsrZGQ,25.0388428,121.5556131
181,豊賀大酒家,4.5,臺北市大安區永康街34號,,https://ifoodie.tw/restaurant/5f45d85f2261392a141dc00b-%E8%B1%8A%E8%B3%80%E5%A4%A7%E9%85%92%E5%AE%B6,0223930051,ChIJqcgEjoOpQjQRrVln3klKPEw,25.02991,121.52946499999999
182,VG Encore (原 VG Cafe),4.4,臺北市大安區復興南路一段279巷4號,400.0,https://ifoodie.tw/restaurant/55db5e9f2756dd45c3a23a5d-VG-Encore-(%E5%8E%9F-VG-Cafe,0227061068,ChIJE_QJwtOrQjQRNnDxtNExYXI,25.0355332,121.544146
183,First One Bistro 佛斯特旺餐酒館 南西店,4.6,臺北市大同區南京西路18巷6弄5號,600.0,https://ifoodie.tw/restaurant/5c22248823679c4ad3c39be4-First-One-Bistro-%E4%BD%9B%E6%96%AF%E7%89%B9,0225563328,ChIJnVQpHWypQjQRECzfzaSUOdA,25.052103,121.51971499999999
184,Domo De Sardegna 義大利傳統餐酒館,4.6,臺北市松山區民生東路三段113巷7弄8號,600.0,https://ifoodie.tw/restaurant/5b05aecd2756dd2b23cc0fca-Domo-De-Sardegna-%E7%BE%A9%E5%A4%A7%E5%88%A9,0227165560,ChIJDbGBv-WrQjQRx0MVBQ_iUOE,25.0583484,121.5467989
185,Rocket Music 音樂火箭餐廳,4.4,臺北市中山區松江路10號,800.0,https://ifoodie.tw/restaurant/5bc5f4662756dd275b74b8d5-Rocket-Music-%E9%9F%B3%E6%A8%82%E7%81%AB%E7%AE%AD%E9%A4%90%E5%BB%B3,0225639870,ChIJt5DOcmOpQjQRJ7jUn6gCGxY,25.046519699999997,121.5327284
186,Musée Kitchen & Bar,4.3,台北市信義區莊敬路178巷15號,1000.0,https://ifoodie.tw/restaurant/56eeb536699b6e29ad675306-Mus%C3%A9e-Kitchen-%26-Bar,0223450100,ChIJ30mGkrWrQjQRP8CtNtjqtnw,25.0310789,121.56058700000001
187,WA-SHU+1 和酒,4.7,台北市大安區忠孝東路4段101巷39號A1,1200.0,https://ifoodie.tw/restaurant/5e7c0f41d6895d144f0d9767-WA-SHU%2B1-%E5%92%8C%E9%85%92,0227780306,EjoxMDblj7DngaPlj7DljJfluILlpKflronljYDlv6DlrZ3mnbHot6_lm5vmrrUxMDHlt7czOeiZn0ExIh4aHAoWChQKEgnX1YLT2qtCNBEgodPzJe6MbhICQTE,25.0431202,121.54815819999999
188,技固吧 Chikubar 好酒夜食 - 生蠔牛舌專門店 Oyster Ox-tongues Bistro,4.8,臺北市大安區市民大道四段68號,1000.0,https://ifoodie.tw/restaurant/5e441078d6895d70707d7b01-%E6%8A%80%E5%9B%BA%E5%90%A7-Chikubar-%E5%A5%BD%E9%85%92%E5%A4%9C%E9%A3%9F-%E7%94%9F%E8%A0%94,0227419995,ChIJJ4JqFdurQjQRtoHOePZquNs,25.044881,121.54718829999999
189,離城放感情,4.7,臺北市大安區嘉興街345號,700.0,https://ifoodie.tw/restaurant/5e0242e98c906d4b7b785ed4-%E9%9B%A2%E5%9F%8E%E6%94%BE%E6%84%9F%E6%83%85,0227389666,ChIJQ8a8FjGqQjQRyYCGutVE22s,25.0222604,121.552554
190,Bitter Burro,5.0,臺北市大同區承德路一段24巷2號,600.0,https://ifoodie.tw/restaurant/5e46ad1a2756dd434ce25feb-Bitter-Burro,0225525896,ChIJWUTbG22pQjQRzsfQEefMhO4,25.050451100000004,121.51662979999999
191,Mikkeller Taipei 米凱樂啤酒吧,4.4,台北市大同區南京西路241號,180.0,https://ifoodie.tw/restaurant/579f919c2756dd715c15efeb-Mikkeller-Taipei-%E7%B1%B3%E5%87%B1%E6%A8%82,0225586978,ChIJS1XdlxOpQjQRgozDo01bfZo,25.053665600000002,121.5100757
192,純Chunmix餐酒館,4.7,臺北市大安區光復南路290巷55號1樓,300.0,https://ifoodie.tw/restaurant/5e363a2d226139772740528d-%E7%B4%94Chunmix%E9%A4%90%E9%85%92%E9%A4%A8,0227763089,EjMxMDblj7DngaPlj7DljJfluILlpKflronljYDlhYnlvqnljZfot68yOTDlt7c1NeiZnzEiHRobChYKFAoSCVevYR7Gq0I0EckBDYTTSPeFEgEx,25.039264300000003,121.5552561
193,SAKEBONO SAKE BAR 曙 日本清酒吧,4.6,臺北市萬華區西園路一段226號,1200.0,https://ifoodie.tw/restaurant/5e70dd262756dd355d213cb8-SAKEBONO-SAKE-BAR-%E6%9B%99-,0223082369,ChIJafB7wq6pQjQRMYH31AL4Irw,25.0350998,121.4990244
194,土貓商號 Turkish Kedi,4.4,臺北市中正區汀州路三段104巷6號,440.0,https://ifoodie.tw/restaurant/5e947aacd6895d5269fa940b-%E5%9C%9F%E8%B2%93%E5%95%86%E8%99%9F-Turkish-Kedi,0928003070,ChIJx2O5FoupQjQRPiGEFr0275A,25.014096,121.533143
195,歐巴噠韓國炸雞,4.0,臺北市中山區中山北路二段183巷2之4號,400.0,https://ifoodie.tw/restaurant/5ac7b74c2756dd38a572c466-%E6%AD%90%E5%B7%B4%E5%99%A0%E9%9F%93%E5%9C%8B%E7%82%B8%E9%9B%9E,0225963777,ChIJN0ctikSpQjQRDDy_SCzxQyk,25.063679999999998,121.522901
196,台北美侖,4.2,臺北市大安區復興南路一段317號,560.0,https://ifoodie.tw/restaurant/559d636ec03a103ee86c6de0-%E5%8F%B0%E5%8C%97%E7%BE%8E%E4%BE%96,0255793888,ChIJkwKVntOrQjQR3WmFdMhf0n0,25.0342737,121.54386480000001
197,Trattoria al Sole 豔陽下義大利小餐館,4.5,臺北市文山區新光路一段44號,600.0,https://ifoodie.tw/restaurant/5ceb95b8226139300d743c2c-Trattoria-al-Sole-%E8%B1%94%E9%99%BD,0229375010,ChIJ3d6R-HqqQjQRRlM2JOZ9Jsc,24.989768899999998,121.57361399999999
198,Purrson 呼嚕小酒館,4.6,臺北市文山區指南路二段106號,600.0,https://ifoodie.tw/restaurant/5e67a2782756dd355917d3a9-Purrson-%E5%91%BC%E5%9A%95%E5%B0%8F%E9%85%92%E9%A4%A8,0229369172,ChIJc3wpLHyqQjQR3AlzeN5Lszs,24.986129000000002,121.5794662
199,渣男Taiwan Bistro 中山店,4.5,臺北市大同區承德路二段14號,600.0,https://ifoodie.tw/restaurant/5e6249ddd6895d2bdf3ae29b-%E6%B8%A3%E7%94%B7Taiwan-Bistro-%E4%B8%AD%E5%B1%B1%E5%BA%97,0225508010,ChIJU4CSsGupQjQR95oPy277jJ0,25.0554057,121.51797140000002
200,阿力的搖滾廚房,4.6,臺北市松山區富錦街498號,800.0,https://ifoodie.tw/restaurant/559d9525c03a103ee86c8cce-%E9%98%BF%E5%8A%9B%E7%9A%84%E6%90%96%E6%BB%BE%E5%BB%9A%E6%88%BF,0227670901,ChIJPRpEtY2rQjQRIEhwtmgg_T0,25.060854,121.564051
201,Muzeo Gastronomy&Draft,4.4,臺北市大安區忠孝東路四段170巷6弄14號,300.0,https://ifoodie.tw/restaurant/5de4a72d2261392c9512d815-Muzeo-Gastronomy%26Dra,0227525299,ChIJCUWLZsWrQjQRS-hI4ZRS8eA,25.0408076,121.5501115
202,30 thirty老酒館,4.4,臺北市信義區逸仙路26巷17號,1000.0,https://ifoodie.tw/restaurant/559db1cec03a103ee86c9c6b-30-thirty%E8%80%81%E9%85%92%E9%A4%A8,0287892663,ChIJgyGUU7irQjQRBLqC4d0wGxo,25.0396755,121.562446
203,Trio café 三重奏,4.4,台北市中正區八德路一段1號,250.0,https://ifoodie.tw/restaurant/569b2a02699b6e7bef526e23-Trio-caf%C3%A9-%E4%B8%89%E9%87%8D%E5%A5%8F,0223581058,ChIJYxFqPHupQjQRGY2dosVbpD8,25.0433045,121.52929569999999
204,Tickle my fantasy,2.8,臺北市大安區安和路二段8號,500.0,https://ifoodie.tw/restaurant/5b9b5bc7f52468775bfe28c3-Tickle-my-fantasy,0227090106,ChIJySbPRMyrQjQRjXRwevjw3Kk,25.0325703,121.55224979999998
205,WAT Bar,4.4,台北市信義路五段16號1樓,600.0,https://ifoodie.tw/restaurant/5de486ed8c906d1934df397f-WAT-Bar,0227205161,EjMxMTDlj7DngaPlj7DljJfluILkv6HnvqnljYDkv6Hnvqnot6_kupTmrrUxNi0xN-iZnzEiHRobChYKFAoSCTfMwBuxq0I0EYEuNhsacswjEgEx,25.0331702,121.5674315
206,The Scent 松菸店,4.9,臺北市信義區菸廠路88號B2,400.0,https://ifoodie.tw/restaurant/5e537b998c906d0e1ebbc3df-The-Scent-%E6%9D%BE%E8%8F%B8%E5%BA%97,松菸誠品 the Scent小所在,EisxMTDlj7DngaPlj7DljJfluILkv6HnvqnljYDoj7jlu6Dot684OOiZn0IyIh4aHAoWChQKEgnnmZgTv6tCNBHiELOr1lgW7BICQjI,25.0445662,121.56144669999999
207,別緻餐酒坊,4.1,臺北市大安區瑞安街71巷5弄2號,300.0,https://ifoodie.tw/restaurant/5e59d2748c906d7b80600a3b-%E5%88%A5%E7%B7%BB%E9%A4%90%E9%85%92%E5%9D%8A,0227083726,ChIJD-RdkSuqQjQRuQc9wAIDnQk,25.02807,121.5417274
208,Lili餐廳,4.0,臺北市士林區中山北路六段760號,605.0,https://ifoodie.tw/restaurant/559d0e92c03a103ee86c3879-Lili%E9%A4%90%E5%BB%B3,0228760798,ChIJze6J9YauQjQRT8xR9Ww2mkc,25.1158888,121.5284365
209,時寓,4.3,台北市中山區建國北路一段68號2樓,700.0,https://ifoodie.tw/restaurant/57cf05fe2756dd05d485a99f-%E6%99%82%E5%AF%93,0225069209,EjUxMDQ5MeWPsOeBo-WPsOWMl-W4guS4reWxseWNgOW7uuWci-WMl-i3r-S4gOautTY46JmfMiIdGhsKFgoUChIJeU7L-WGpQjQRVie9QY1zZ14SATI,25.049046399999998,121.5363422
210,HANKO 60,4.8,台北市萬華區漢口街2段60號,1000.0,https://ifoodie.tw/restaurant/580f9fe62756dd6782d9ebba-HANKO-60,0223810808,ChIJJ6OuLg-pQjQR5oiufi-vbho,25.045944,121.505214
211,昨天 Bistro & Flavor,4.6,臺北市大安區大安路一段19巷28號,690.0,https://ifoodie.tw/restaurant/5a4e6cf12756dd4707615c42-%E6%98%A8%E5%A4%A9-Bistro-%26-Flavor,0227722339,ChIJkzDkOturQjQR2KvFS3JKCL4,25.044354000000002,121.5475639
212,廚藏室STOREROOM,4.3,臺北市大安區復興南路一段340巷26號,800.0,https://ifoodie.tw/restaurant/5e476f6c8c906d3536e210b7-%E5%BB%9A%E8%97%8F%E5%AE%A4STOREROOM,0227018637,ChIJww4gCdSrQjQRDncC80YIW2o,25.0360025,121.54249469999999
213,Placebo 安慰劑小酒館,4.2,臺北市信義區基隆路二段83號,400.0,https://ifoodie.tw/restaurant/5a81ba582261391d449f97b4-Placebo-%E5%AE%89%E6%85%B0%E5%8A%91%E5%B0%8F%E9%85%92%E9%A4%A8,0287322345,ChIJKYVm8cqrQjQRZ3I4WGYtyc4,25.0300709,121.5579706
214,The Fridge bar,4.8,台北市延吉街101號,1080.0,https://ifoodie.tw/restaurant/5bda8ccd23679c66d592607d-The-Fridge-bar,0227753068,ChIJ4-Xin8arQjQRLxWSq5j4BBE,25.0432937,121.55406940000002
215,SEOUL BISTRO,4.2,台北市信義區松壽路11號B2,1200.0,https://ifoodie.tw/restaurant/5924791d2756dd3fdd9396dc-SEOUL-BISTRO,0227277336,EisxMTDlj7DngaPlj7DljJfluILkv6HnvqnljYDmnb7lo73ot68xMeiZn0IyIh4aHAoWChQKEgkHavZzuqtCNBGx5nnC-sfK8hICQjI,25.036544600000003,121.5672369
216,Bar Halfway There 半路酒吧,4.7,臺北市大安區文昌街24號2樓,800.0,https://ifoodie.tw/restaurant/5ca372172756dd62daaf41ba-Bar-Halfway-There-%E5%8D%8A%E8%B7%AF,0227007209,EioxMDblj7DngaPlj7DljJfluILlpKflronljYDmlofmmIzooZcyNOiZnzIiHRobChYKFAoSCcHQLJnNq0I0EUrQnOsY08ZWEgEy,25.032807899999998,121.5496499
217,樂蕾餐酒館 La Lechuza Sake Shop & Bistro,4.7,臺北市大安區信義路四段378巷11號,500.0,https://ifoodie.tw/restaurant/5b54fc8b23679c4edeea213d-%E6%A8%82%E8%95%BE%E9%A4%90%E9%85%92%E9%A4%A8-La-Lechuza-Sak,0920680621,ChIJOdPQwMurQjQRkZc-cShFdNc,25.032475,121.55587709999999
218,好處 Have A Nice Day,4.1,大安區羅斯福路三段283巷14弄30號,1000.0,https://ifoodie.tw/restaurant/576983742756dd134b34d03f-%E5%A5%BD%E8%99%95-Have-A-Nice-Day,0223638958,ChIJ6xM2ZompQjQRJvhTMZQEpY8,25.01839,121.53285729999999
219,果雅方舟The Ark-敦化概念店,4.4,臺北市大安區忠孝東路四段170巷6弄1之1號1樓,1200.0,https://ifoodie.tw/restaurant/5e35895e2756dd184b967746-%E6%9E%9C%E9%9B%85%E6%96%B9%E8%88%9FThe-Ark-%E6%95%A6%E5%8C%96%E6%A6%82%E5%BF%B5%E5%BA%97,0227315906,ChIJdbAqkCarQjQRPqysqelopjw,25.0408932,121.5507034
220,GALERIE Bistro,4.1,臺北市大同區南京西路25巷2號,1380.0,https://ifoodie.tw/restaurant/559d07a2c03a103ee86c355d-GALERIE-Bistro,0225580096,ChIJN6NAV2mpQjQRqKy5cDeGxTo,25.053323100000004,121.5202375
221,孔雀歐亞料理餐酒館Peacock Bistro,4.0,臺北市大同區迪化街一段197號,1000.0,https://ifoodie.tw/restaurant/559dd568c03a103ee86cb152-%E5%AD%94%E9%9B%80%E6%AD%90%E4%BA%9E%E6%96%99%E7%90%86%E9%A4%90%E9%85%92%E9%A4%A8Peacock-Bis,0225579629,ChIJvanS6xWpQjQRzoFBjL7X3U0,25.059322,121.50956599999999
222,Vicolo Trattoria 微巷 ‧ 義大利小餐館,4.1,臺北市士林區忠誠路二段166巷15號,1200.0,https://ifoodie.tw/restaurant/57b0b3e42756dd37cbd6ed38-Vicolo-Trattoria-%E5%BE%AE%E5%B7%B7-,0228727202,ChIJb-aXIYGuQjQRZPc4EoKSbgU,25.1157738,121.5325503
223,發琴吧 Ginspiration,4.7,臺北市大同區迪化街一段76號3樓之2,600.0,https://ifoodie.tw/restaurant/5ca372312756dd62daaf41c6-%E7%99%BC%E7%90%B4%E5%90%A7-Ginspiration,0225562526,EjYxMDPlj7DngaPlj7DljJfluILlpKflkIzljYDov6rljJbooZfkuIDmrrU3NuiZn-aok-S5izIiIxohChYKFAoSCXvtq3IUqUI0EQbxERgTnO67EgfmqJPkuYsy,25.0557438,121.50989609999999
224,F Gallery by A Train,4.1,臺北市松山區南京東路三段276號2樓,600.0,https://ifoodie.tw/restaurant/5d633dc58c906d63dbc4c18d-F-Gallery-by-A-Train,0227117123,EjQxMDXlj7DngaPlj7DljJfluILmnb7lsbHljYDljZfkuqzmnbHot6_kuInmrrUyNzbomZ8yIh0aGwoWChQKEgnJ53iC3atCNBFbQbPmOXk9qxIBMg,25.051591100000003,121.54555420000001
225,Needle Bar,4.5,臺北市大安區文昌街125號,150.0,https://ifoodie.tw/restaurant/5ca3722f2756dd62daaf41c3-Needle-Bar,0227078831,ChIJ0zdpRcyrQjQRYdZVb9gMQq0,25.0327057,121.5520626
226,小食糖sugar bistro /環浪商號,4.7,臺北市中正區信義路二段181巷3號,220.0,https://ifoodie.tw/restaurant/559d0729c03a103ee86c351d-%E5%B0%8F%E9%A3%9F%E7%B3%96sugar-bistro-%2F%E7%92%B0%E6%B5%AA%E5%95%86,0223965965,ChIJfyatdoKpQjQRA1Kc6u3jH2k,25.034252399999996,121.52946770000001
227,D’N 敦南酒窖,4.8,臺北市大安區敦化南路二段140號,600.0,https://ifoodie.tw/restaurant/5e021f1d2756dd5699e012bc-D%E2%80%99N-%E6%95%A6%E5%8D%97%E9%85%92%E7%AA%96,0227082989,ChIJJUlO9i2qQjQRM8Q55kLhMT8,25.025703,121.54829099999999
228,莎瓦迪卡,4.3,臺北市大安區大安路一段176巷1號,600.0,https://ifoodie.tw/restaurant/564bfc91699b6e099cfabcf1-%E8%8E%8E%E7%93%A6%E8%BF%AA%E5%8D%A1,0227062022,ChIJFamQg9GrQjQRIhdT3LiDcQI,25.0364819,121.5458554
229,Un Petit Pas Bistro 一小步,4.4,臺北市大安區復興南路一段107巷5弄11號,1000.0,https://ifoodie.tw/restaurant/58c982ee2756dd602f419a0b-Un-Petit-Pas-Bistro-,0227312828,ChIJRe8Ws9urQjQRZMfierg00MI,25.044354199999997,121.54469499999999
230,Mastro Cafe,4.2,台北市內湖區瑞光路316巷58號,830.0,https://ifoodie.tw/restaurant/559d35b9c03a103ee86c50b9-Mastro-Cafe,0287523558,ChIJF9Bh6HqsQjQRn9RFh1ndnfQ,25.0758677,121.57323819999999
231,UMAMI 金色三麥,4.7,臺北市信義區松智路17號7F,750.0,https://ifoodie.tw/restaurant/5cd26f0c23679c1bbc69f6e3-UMAMI-%E9%87%91%E8%89%B2%E4%B8%89%E9%BA%A5,0227291229,EisxMTDlj7DngaPlj7DljJfluILkv6HnvqnljYDmnb7mmbrot68xN-iZnzdGIh4aHAoWChQKEglRcR4rt6tCNBEFodFQg3fJsxICN0Y,25.034307300000002,121.56595549999999
232,Secret bistro秘密小酒館,4.7,臺北市中山區中原街139號1樓,1000.0,https://ifoodie.tw/restaurant/5debb996d6895d32ada7b949-Secret-bistro%E7%A7%98%E5%AF%86%E5%B0%8F%E9%85%92%E9%A4%A8,0905677285,Ei0xMDQ5MeWPsOeBo-WPsOWMl-W4guS4reWxseWNgOS4reWOn-ihlzEzOeiZnzEiHRobChYKFAoSCZfFBVJaqUI0EfTzOW-d9TyGEgEx,25.0641425,121.52915530000001
233,Aj's wine & bistro,4.7,台北市大安區通化街171巷33號,600.0,https://ifoodie.tw/restaurant/59f544532261394e9844db4f-Aj's-wine-%26-bistro,0227321189,ChIJA9sZuDSqQjQRqUBHH70CHBI,25.0277604,121.55548600000002
234,魯蛋茶酒館,4.5,臺北市大同區迪化街一段333號,700.0,https://ifoodie.tw/restaurant/5ca3763c23679c1527915066-%E9%AD%AF%E8%9B%8B%E8%8C%B6%E9%85%92%E9%A4%A8,0225536111,ChIJrUcLZT6pQjQROYGMeRMdmi8,25.0626124,121.50931969999999
235,Beer Rush Taproom,4.8,臺北市大安區光復南路260巷25號,600.0,https://ifoodie.tw/restaurant/5fa8291702935e62d371262a-Beer-Rush-Taproom,0908696790,ChIJId2QN8arQjQRlA2o44aZqAk,25.040075,121.556329
236,星夜 Starry night Bar,4.8,台北市大同區長安西路76號,320.0,https://ifoodie.tw/restaurant/5e4103e82261393086fd2701-%E6%98%9F%E5%A4%9C-Starry-night-Bar,0225500421,ChIJTUzWLGypQjQR_5pLTdeSq5Y,25.050267899999998,121.5193554
237,The Misanthrope Society 厭世會社,4.7,臺北市中正區羅斯福路四段40巷1之2號,500.0,https://ifoodie.tw/restaurant/5c93b73622613914ef15eae9-The-Misanthrope-Soci,0223654535,ChIJeYIACIupQjQR4Ha1nrMS6FU,25.0150419,121.53340759999999
238,SoShow Bar & Restaurant,4.4,臺北市中山區中山北路一段47號2F,500.0,https://ifoodie.tw/restaurant/575c53342756dd0895fa097a-SoShow-Bar-%26-Restaur,0933167338,EjYxMDQ5MeWPsOeBo-WPsOWMl-W4guS4reWxseWNgOS4reWxseWMl-i3r-S4gOautTQ36JmfMkYiHhocChYKFAoSCf-L9FxuqUI0ET-14uFcm4dTEgIyRg,25.049188,121.521557
239,Old Seat Restaurant.Cafe 川酒＆咖啡,4.6,大安區忠孝東路四段101巷29號1樓,1200.0,https://ifoodie.tw/restaurant/5c70163af52468056bcd75c1-Old-Seat-Restaurant.,0227310459,EjkxMDblj7DngaPlj7DljJfluILlpKflronljYDlv6DlrZ3mnbHot6_lm5vmrrUxMDHlt7cyOeiZnzEiHRobChYKFAoSCdF8bdPaq0I0EU1ZBX2lpz_aEgEx,25.043004999999997,121.548285
240,Fa cafe 天母店,4.2,臺北市士林區中山北路七段14巷6號,7505.0,https://ifoodie.tw/restaurant/599dc4402756dd5445bd88eb-Fa-cafe-%E5%A4%A9%E6%AF%8D%E5%BA%97,0228732668,ChIJX4p-q4CuQjQR3sCuQdVj_0o,25.1187246,121.5315654
241,洋城義大利餐酒館 內湖家樂福店,4.3,臺北市內湖區民善街88號1樓,380.0,https://ifoodie.tw/restaurant/5dba97fd2261392d8083564d-%E6%B4%8B%E5%9F%8E%E7%BE%A9%E5%A4%A7%E5%88%A9%E9%A4%90%E9%85%92%E9%A4%A8-%E5%85%A7%E6%B9%96%E5%AE%B6%E6%A8%82%E7%A6%8F%E5%BA%97,0227903908,Ei0xMTTlj7DngaPlj7DljJfluILlhafmuZbljYDmsJHlloTooZc4OC0xNOiZnzEiHRobChYKFAoSCfUpCCOEq0I0EfqutCpdn5g0EgEx,25.060414899999998,121.57529779999999
242,Fourplay Cuisine,4.5,臺北市大安區東豐街67號,800.0,https://ifoodie.tw/restaurant/559d414cc03a103ee86c5848-Fourplay-Cuisine,0227083898,ChIJzzSS-tGrQjQR783PHnVZQ_o,25.0361275,121.5477818
243,Wayne’s New York 瑋恩紐約美式龍蝦牛排餐廳,4.6,臺北市信義區基隆路二段81號,1500.0,https://ifoodie.tw/restaurant/5d50246e2756dd5f4691cc27-Wayne%E2%80%99s-New-York-%E7%91%8B%E6%81%A9%E7%B4%90,0223779007,ChIJ76dt8cqrQjQRi22w_mVe8I4,25.0301777,121.5579486
244,BeApe法國傳統餐酒館,4.4,臺北市中山區中山北路二段72巷1號2F,800.0,https://ifoodie.tw/restaurant/591c90fa2756dd5483ad9003-BeApe%E6%B3%95%E5%9C%8B%E5%82%B3%E7%B5%B1%E9%A4%90%E9%85%92%E9%A4%A8,BeApe - 法國傳統餐酒館,EjoxMDQ5MeWPsOeBo-WPsOWMl-W4guS4reWxseWNgOS4reWxseWMl-i3r-S6jOautTcy5be3MeiZnzJGIh4aHAoWChQKEgnhQfDTaalCNBGiV5nMCPfrNhICMkY,25.057119600000004,121.5224132
245,Longtail,4.2,臺北市大安區敦化南路二段174號,2500.0,https://ifoodie.tw/restaurant/59b42d9d2756dd0ea0b2c3b6-Longtail,0227326616,ChIJB7zWHS6qQjQRFelwCDEBqwk,25.0238689,121.5482832
246,CEO Premium Club 餐酒館,4.6,臺北市內湖區瑞光路258巷51號1F,1000.0,https://ifoodie.tw/restaurant/5d6e76d62756dd2f152cf234-CEO-Premium-Club-%E9%A4%90%E9%85%92%E9%A4%A8,0226272038,EjExMTTlj7DngaPlj7DljJfluILlhafmuZbljYDnkZ7lhYnot68yNTjlt7c1MeiZnzFGIh4aHAoWChQKEglvWqwFe6xCNBGRqpsZHcr3FxICMUY,25.0747909,121.5746517
247,ConfitRémi,4.6,臺北市文山區羅斯福路五段269巷16號,400.0,https://ifoodie.tw/restaurant/5b9e8e59f5246841b6311f22-ConfitR%C3%A9mi,0286638008,ChIJUxj22ByqQjQRgcdStGOqaJM,25.001109,121.5399713
248,廚子市場,4.3,臺北市內湖區基湖路3巷11號,1280.0,https://ifoodie.tw/restaurant/559d4383c03a103ee86c59af-%E5%BB%9A%E5%AD%90%E5%B8%82%E5%A0%B4,0226598590,ChIJC0k5ZW6sQjQRMzXEOjZxdPU,25.0810758,121.5663885
249,金色三麥 台北京站店,4.4,臺北市大同區承德路一段1號,622.0,https://ifoodie.tw/restaurant/559dc259c03a103ee86ca61c-%E9%87%91%E8%89%B2%E4%B8%89%E9%BA%A5-%E5%8F%B0%E5%8C%97%E4%BA%AC%E7%AB%99%E5%BA%97,0277370909,ChIJ3yj8dG2pQjQRiu08VXHq9Lk,25.049308,121.5171935
250,JK studio 新義法料理,4.6,臺北市信義區基隆路一段147巷5弄13號,400.0,https://ifoodie.tw/restaurant/576199b42756dd1d469e4a3d-JK-studio-%E6%96%B0%E7%BE%A9%E6%B3%95%E6%96%99%E7%90%86,0227661891,ChIJz8_rGbyrQjQRg0cI7nvF6Ls,25.042912,121.56618600000002
251,The Terrace 大廳酒吧 寒舍艾麗酒店,4.3,臺北市信義區松高路18號6樓,500.0,https://ifoodie.tw/restaurant/559d8482c03a103ee86c82dd-The-Terrace-%E5%A4%A7%E5%BB%B3%E9%85%92%E5%90%A7-%E5%AF%92%E8%88%8D%E8%89%BE,0266318066,EioxMTDlj7DngaPlj7DljJfluILkv6HnvqnljYDmnb7pq5jot68xOOiZnzYiHRobChYKFAoSCYVYH7O7q0I0ERWVDiRFoCxpEgE2,25.0387882,121.56747920000001
252,Geography Bar,4.7,臺北市萬華區昆明街92之2號4樓,300.0,https://ifoodie.tw/restaurant/5ca371e62756dd62daaf41a0-Geography-Bar,0223310255,EioxMDjlj7DngaPlj7DljJfluILokKzoj6_ljYDmmIbmmI7ooZc5MuiZnzQiHRobChYKFAoSCS3zJtQIqUI0EQUK98WLFxQ-EgE0,25.044914600000002,121.5052767
253,Tapas & Wine Yasaiya 野菜家,4.3,臺北市大同區林森北路119巷60號,600.0,https://ifoodie.tw/restaurant/57dae2bf2756dd7fa2684f70-Tapas-%26-Wine-Yasaiya,0225233223,ChIJda3Mw2WpQjQRFPgr5QdzhoA,25.0501079,121.5271864
254,負壹 -1,4.4,臺北市大安區安和路一段65號,500.0,https://ifoodie.tw/restaurant/5d5ff65c2756dd2f1027c276-%E8%B2%A0%E5%A3%B9-1,0227066565,ChIJm2GIAs-rQjQRWY5d1rNP5Bw,25.0373142,121.55171270000001
255,PICO PICO,4.5,臺北市大安區安和路一段102巷28號1樓,600.0,https://ifoodie.tw/restaurant/559dd5aac03a103ee86cb190-PICO-PICO,0227551161,EjgxMDblj7DngaPlj7DljJfluILlpKflronljYDlronlkozot6_kuIDmrrUxMDLlt7cyOC0x6JmfMSIdGhsKFgoUChIJD9rvxM2rQjQR-bAf16upyiMSATE,25.0342515,121.5502955
256,招酒,4.7,臺北市松山區復興北路141巷6弄11號,600.0,https://ifoodie.tw/restaurant/5d54f7da8c906d38abfed750-%E6%8B%9B%E9%85%92,0225452020,ChIJv1UrDuerQjQRDT-R8MfLoJg,25.054005,121.5448726
257,Odin信義放感情,4.8,臺北市信義區嘉興街127巷107號,500.0,https://ifoodie.tw/restaurant/5c60f64623679c6096c9dc9d-Odin%E4%BF%A1%E7%BE%A9%E6%94%BE%E6%84%9F%E6%83%85,0227322668,ChIJtwQqw8qrQjQR-ssLZ1S4zHQ,25.0290887,121.5577146
258,ABRAZO BISTRO,4.2,臺北市大安區敦化南路一段198號,500.0,https://ifoodie.tw/restaurant/5c87bc58226139771c210216-ABRAZO-BISTRO,0227318282,ChIJdRO9NMWrQjQR62vbeoA-kU0,25.0423206,121.5485018
259,大倉久和飯店珍珠酒吧,4.1,臺北市中山區南京東路一段9號1F,450.0,https://ifoodie.tw/restaurant/559d6762c03a103ee86c7148-%E5%A4%A7%E5%80%89%E4%B9%85%E5%92%8C%E9%A3%AF%E5%BA%97%E7%8F%8D%E7%8F%A0%E9%85%92%E5%90%A7,0221815134,EjUxMDQ5MeWPsOeBo-WPsOWMl-W4guS4reWxseWNgOWNl-S6rOadsei3r-S4gOautTnomZ8xRiIeGhwKFgoUChIJXyK30WipQjQRQC7Rv1RmemwSAjFG,25.0525475,121.5232747
260,R&D Cocktail Lab,4.4,臺北市大安區嘉興街36號,1200.0,https://ifoodie.tw/restaurant/59af68ce22613940080676a4-R%26D-Cocktail-Lab,R&D Cocktail Lab,ChIJZZ6QQMqrQjQRvte0sxZhoxI,25.031764499999998,121.55815030000001
261,AHA Saloon,4.2,臺北市大安區復興南路二段138號,600.0,https://ifoodie.tw/restaurant/5ed5ec3422613944b7f2defe-AHA-Saloon,0227065206,ChIJVwf2hiyqQjQRspXrSbbOVQc,25.0289319,121.5432764
262,SELF Oasis 綠洲,4.7,臺北市大安區瑞安街135巷4號1樓,1250.0,https://ifoodie.tw/restaurant/5d4a999b8c906d259854c4e7-SELF-Oasis-%E7%B6%A0%E6%B4%B2,0223258883,Ei8xMDblj7DngaPlj7DljJfluILlpKflronljYDnkZ7lronooZcxMzXlt7c06JmfMSIdGhsKFgoUChIJvWj2fymqQjQRpxcKR1F1omQSATE,25.026770000000003,121.53986299999998
263,行冊walking book,4.2,台北市延平北路二段33號,300.0,https://ifoodie.tw/restaurant/568666d4699b6e2b43b6aec3-%E8%A1%8C%E5%86%8Awalking-book,0225580915,ChIJQaOngxSpQjQRDT6R2Iyl7zU,25.054857000000002,121.511835
264,POPINA,4.3,臺北市中山區南京東路一段13巷6弄1號,1200.0,https://ifoodie.tw/restaurant/5628e3aa699b6e6e00dae712-POPINA,0225676623,ChIJ1QH25WipQjQRk_NclP5b8Z0,25.053631,121.52344029999999
265,凱達大飯店Bar 98,3.7,臺北市萬華區艋舺大道167號5樓,1200.0,https://ifoodie.tw/restaurant/5e09a751d6895d563bf5e2c0-%E5%87%B1%E9%81%94%E5%A4%A7%E9%A3%AF%E5%BA%97Bar-98,0223836797,Ei4xMDjlj7DngaPlj7DljJfluILokKzoj6_ljYDoiYvoiLrlpKfpgZMxNjfomZ81Ih0aGwoWChQKEgmtR3lTrqlCNBFAIKUlDIHUgBIBNQ,25.0332225,121.4996955
266,ASTAR coffee house,4.4,臺北市中山區民權東路三段60巷13弄41號,600.0,https://ifoodie.tw/restaurant/559d6f3dc03a103ee86c7617-ASTAR-coffee-house,0225035856,ChIJ11Isj-SrQjQRqISRsuwOZzo,25.0607789,121.543568
267,BAR PUN,4.6,臺北市大安區信義路四段378巷5號,440.0,https://ifoodie.tw/restaurant/5b8e0ee523679c19fd097e40-BAR-PUN,0227005000,ChIJZ0dQwcurQjQRp_m5AkTUgOY,25.0326276,121.55587709999999
268,藏薪食譜 Wang's Field,4.3,臺北市大安區仁愛路四段105巷3號,1500.0,https://ifoodie.tw/restaurant/57e7c78d2756dd611dd38fd9-%E8%97%8F%E8%96%AA%E9%A3%9F%E8%AD%9C-Wang's-Field,0227319265,ChIJeebbuM-rQjQRRNWNnEaywQ4,25.0385982,121.54991070000001
269,89 LOOP Sports Bar,4.5,臺北市中正區羅斯福路四段134號2樓號,350.0,https://ifoodie.tw/restaurant/5ba5011223679c43c1c1bb74-89-LOOP-Sports-Bar,0223656597,EjkxMDDlj7DngaPlj7DljJfluILkuK3mraPljYDnvoXmlq_npo_ot6_lm5vmrrUxMzTomZ_mqJPomZ8iIhogChYKFAoSCS0u6r6KqUI0EZ8KUPyYlKXbEgbmqJPomZ8,25.0129485,121.5358227
270,45酒吧,4.1,臺北市大安區羅斯福路四段110號2F,500.0,https://ifoodie.tw/restaurant/559dc6a5c03a103ee86ca91c-45%E9%85%92%E5%90%A7,0223212140,EjUxMDDlj7DngaPlj7DljJfluILkuK3mraPljYDnvoXmlq_npo_ot6_lm5vmrrUxMTDomZ8yRiIeGhwKFgoUChIJJRzB6oqpQjQR3G-2wbtzWfUSAjJG,25.0133596,121.53549939999999
271,Naked Bistro 裸餐酒,4.3,臺北市大安區光復南路240巷49號,1000.0,https://ifoodie.tw/restaurant/5a0dd47b2756dd31b6cf8d16-Naked-Bistro-%E8%A3%B8%E9%A4%90%E9%85%92,0227766226,ChIJ1zTza8arQjQRfTqnok1Pan8,25.0406572,121.5552037
272,J&R義法,4.8,臺北市大安區忠孝東路三段251巷13弄2號1樓,350.0,https://ifoodie.tw/restaurant/5a677ad82756dd60a422315b-J%26R%E7%BE%A9%E6%B3%95,0227788701,Ej0xMDblj7DngaPlj7DljJfluILlpKflronljYDlv6DlrZ3mnbHot6_kuInmrrUyNTHlt7cxM-W8hDLomZ8xIh0aGwoWChQKEgnNR72T2atCNBEbYieqsIceZBIBMQ,25.043836600000002,121.5417144
273,Ch-eat & Drink,4.2,台北市大安區市民大道四段168號,600.0,https://ifoodie.tw/restaurant/59b42d742756dd0ea0b2c3a2-Ch-eat-%26-Drink,0227788848,ChIJRzj5EMSrQjQRJFImlIiGzno,25.043981600000002,121.5532443
274,啤啤 Craft Beer Cafe,4.6,臺北市大安區敦化南路一段160巷39號,300.0,https://ifoodie.tw/restaurant/5cdd067122613937b277fa86-%E5%95%A4%E5%95%A4-Craft-Beer-Cafe,0227417586,ChIJg9n139qrQjQRuelnSOIfNlU,25.043691600000002,121.54707179999998
275,台SOPAR餐酒館,4.5,臺北市大安區市民大道四段36號,700.0,https://ifoodie.tw/restaurant/5ba89e9123679c7f63dafd0d-%E5%8F%B0SOPAR%E9%A4%90%E9%85%92%E9%A4%A8,0227216900,ChIJYdI6CNurQjQR6f7dyC-2b14,25.044820899999998,121.54560900000001
276,WA-SHU 和酒,4.4,臺北市大安區忠孝東路四段101巷39號,1200.0,https://ifoodie.tw/restaurant/5cdb93c522613973b56c99e0-WA-SHU-%E5%92%8C%E9%85%92,0227714240,ChIJ19WC09qrQjQRIKHT8yXujG4,25.0431202,121.54815819999999
277,Can Nature 肯自然葡萄酒,4.7,臺北市大安區大安路二段53巷4號,600.0,https://ifoodie.tw/restaurant/5edda9f52261390a05657e72-Can-Nature-%E8%82%AF%E8%87%AA%E7%84%B6%E8%91%A1%E8%90%84%E9%85%92,0227000386,ChIJlQ3Zz9KrQjQRK07gPqWwODQ,25.0312062,121.54638259999999
278,Marsalis Home Taipei,4.5,臺北市信義區松仁路90號3F,500.0,https://ifoodie.tw/restaurant/5906a1b4699b6e0df7256ab8-Marsalis-Home-Taipei,0287898166,EisxMTDlj7DngaPlj7DljJfluILkv6HnvqnljYDmnb7ku4Hot685MOiZnzNGIh4aHAoWChQKEgkXGWeJsKtCNBEelkcOswHJORICM0Y,25.0351042,121.5679889
279,像。餐廳 (原向餐廳),4.3,臺北市中山區雙城街23之3號B1,600.0,https://ifoodie.tw/restaurant/559d09ccc03a103ee86c3665-%E5%83%8F%E3%80%82%E9%A4%90%E5%BB%B3-(%E5%8E%9F%E5%90%91%E9%A4%90%E5%BB%B3),0225987986,Ei0xMDQ5MeWPsOeBo-WPsOWMl-W4guS4reWxseWNgOmbmeWfjuihlzIz6JmfQjEiHhocChYKFAoSCW1jGjtFqUI0ERARegwg-0flEgJCMQ,25.0659542,121.5243628
280,Mocktini 概念調飲餐館,4.7,臺北市大安區敦化南路二段152號之1,300.0,https://ifoodie.tw/restaurant/57c9bfea2756dd6aa999bdd3-Mocktini-%E6%A6%82%E5%BF%B5%E8%AA%BF%E9%A3%B2%E9%A4%90%E9%A4%A8,0227076021,ChIJVe7D-C2qQjQROSUJHJFbCck,25.025239000000003,121.548303
281,B-Line By A Train,4.6,台北市中正區忠孝東路二段104號2樓,800.0,https://ifoodie.tw/restaurant/559dc5a7c03a103ee86ca8a6-B-Line-By-A-Train,0223560010,EjQxMDDlj7DngaPlj7DljJfluILkuK3mraPljYDlv6DlrZ3mnbHot6_kuozmrrUxMDTomZ8yIh0aGwoWChQKEgnzWGB6e6lCNBGY3Fsh21eJqBIBMg,25.0426673,121.5307515
282,Herban Kitchen & Bar,4.5,臺北市大安區忠孝東路四段101巷27號,400.0,https://ifoodie.tw/restaurant/559d5436c03a103ee86c644b-Herban-Kitchen-%26-Bar,0287737033,ChIJd0fu0tqrQjQRq8s6nz1dDxU,25.0429632,121.548166
283,Pan House Wine & Bistro,4.4,臺北市大安區延吉街131巷9號,250.0,https://ifoodie.tw/restaurant/5ca2c99f23679c0624781651-Pan-House-Wine-%26-Bis,0227312465,ChIJ11ZnmsarQjQR5cA3sAYsz2k,25.0427444,121.5547415
284,CASA de AMIGOS,4.4,臺北市大安區延吉街72號之16號,700.0,https://ifoodie.tw/restaurant/5c1a54492756dd1b5d3ba22a-CASA-de-AMIGOS,0287728006,ChIJdfSJgsarQjQR2hqCOT5q_c0,25.042512300000002,121.5541231
285,Chill Bistro&Cafe,4.8,台北市松山區南京東路五段23巷6弄8號1樓,200.0,https://ifoodie.tw/restaurant/5bc2fbdef524683236a815f8-Chill-Bistro%26Cafe,0227666696,EjsxMDXlj7DngaPlj7DljJfluILmnb7lsbHljYDljZfkuqzmnbHot6_kupTmrrUyM-W3tzblvIQ46JmfMSIdGhsKFgoUChIJzWnkJOurQjQR-NxgCw_wJToSATE,25.0521042,121.55830879999999
286,Bar ansleep ウイスキー カクテル 日本語OKのバー,4.4,臺北市中山區雙城街13巷18號二樓號,1000.0,https://ifoodie.tw/restaurant/5ca371e72756dd62daaf41a3-Bar-ansleep-%E3%82%A6%E3%82%A4%E3%82%B9%E3%82%AD%E3%83%BC-%E3%82%AB%E3%82%AF,0225923335,EjYxMDQ5MeWPsOeBo-WPsOWMl-W4guS4reWxseWNgOmbmeWfjuihlzEz5be3MTjomZ_mqJPomZ8iIhogChYKFAoSCbv8x89EqUI0EVA6kHUdsGTtEgbmqJPomZ8,25.0640634,121.5250004
287,花彘醺2店 Bistro,4.4,臺北市大安區忠孝東路四段170巷6弄16號,700.0,https://ifoodie.tw/restaurant/56612adb2756dd4be3caf731-%E8%8A%B1%E5%BD%98%E9%86%BA2%E5%BA%97-Bistro,0227771488,ChIJ8ZsCZ8WrQjQRo61quxbHpaI,25.0408125,121.55001680000001
288,弎樓Thirdfloor,4.0,臺北市大安區通化街156號,150.0,https://ifoodie.tw/restaurant/5b9e66f02756dd1c27a8723e-%E5%BC%8E%E6%A8%93Thirdfloor,0227320282,ChIJka2XUzOqQjQRo0-AugpZvwM,25.028694,121.5537207
289,VIVACE 薇瓦琪義式餐酒館,4.5,臺北市北投區光明路2巷9號,350.0,https://ifoodie.tw/restaurant/5b9249baf524687cdbb6c040-VIVACE-%E8%96%87%E7%93%A6%E7%90%AA%E7%BE%A9%E5%BC%8F%E9%A4%90%E9%85%92%E9%A4%A8,0228941169,ChIJuauj01auQjQRYY190nkYviE,25.1316491,121.49942730000001
290,Fairy Taipei,4.4,臺北市大安區光復南路308巷51號,1200.0,https://ifoodie.tw/restaurant/57e56feb2756dd606545b98f-Fairy-Taipei,0227418852,ChIJ92V5n8irQjQR5RG3X6iKefM,25.0388451,121.5555227
291,kozy舒適,4.6,臺北市大安區仁愛路四段345巷4弄12號,500.0,https://ifoodie.tw/restaurant/5c87721622613939a0933156-kozy%E8%88%92%E9%81%A9,0227786959,ChIJGXvvT8-rQjQR3bETN1BxMiA,25.0388479,121.5534778
292,Bar Between,4.6,臺北市大安區光復南路456巷27之2號,600.0,https://ifoodie.tw/restaurant/5eddae9fd6895d1883bcae2b-Bar-Between,Bar Between（架橋）,ChIJfQV6EsmrQjQRTqfFZEhMriI,25.035133399999996,121.5562618
293,Jamie's 小酒廚,4.7,臺北市大安區市民大道四段210號,1000.0,https://ifoodie.tw/restaurant/5627d6302756dd74727fbd77-Jamie's-%E5%B0%8F%E9%85%92%E5%BB%9A,0227714090,ChIJv_mKM8GrQjQRmQvYrl0E2P0,25.0445237,121.5558865
294,Cantina del Gio,4.7,臺北市大安區忠孝東路四段170巷18弄5號,1200.0,https://ifoodie.tw/restaurant/5b7d72c42756dd6c8e25f021-Cantina-del-Gio,0227522376,ChIJZXL8iM-rQjQRoAzSscjz17k,25.0400724,121.55038290000002
295,FIFI茶酒沙龍,3.8,臺北市大安區仁愛路四段15號2樓,500.0,https://ifoodie.tw/restaurant/559d83ffc03a103ee86c8293-FIFI%E8%8C%B6%E9%85%92%E6%B2%99%E9%BE%8D,0227211970,EjAxMDblj7DngaPlj7DljJfluILlpKflronljYDku4HmhJvot6_lm5vmrrUxNeiZnzIiHRobChYKFAoSCXOE6hDRq0I0EVsvqHvNnLZCEgEy,25.0382438,121.5444615
296,La Esquina 轉角酒吧,4.4,臺北市中山區長安東路一段53巷1之6號,500.0,https://ifoodie.tw/restaurant/57643d2d2756dd1d439e4a8c-La-Esquina-%E8%BD%89%E8%A7%92%E9%85%92%E5%90%A7,0225211959,ChIJHWdDm2WpQjQRMQmaplCcyoM,25.04895,121.52636399999999
297,山肴鮨,4.5,臺北市大同區南京西路64巷16之3號,1200.0,https://ifoodie.tw/restaurant/57a6271a2756dd20c4a19f09-%E5%B1%B1%E8%82%B4%E9%AE%A8,0225555299,ChIJBfpeFWypQjQRRaxwf0GocOE,25.0517556,121.5185207
298,HANCHU,4.3,台北市大安區東豐街52號,600.0,https://ifoodie.tw/restaurant/57a627e82756dd20c4a19f50-HANCHU,0227040002,ChIJbx7nitGrQjQRICEaP-xT15A,25.0359372,121.54689240000002
299,盛 餐酒坊,4.7,臺北市大安區延吉街131巷37號,560.0,https://ifoodie.tw/restaurant/5bc5f4652756dd275b74b8d2-%E7%9B%9B-%E9%A4%90%E9%85%92%E5%9D%8A,0287726038,ChIJE0Hz6sarQjQRc0bqxhXVNKo,25.042935600000003,121.55562379999999
300,Port23,4.4,台北市大安區信義路四段30巷23號,500.0,https://ifoodie.tw/restaurant/57d059bf2756dd05d485ab29-Port23,0266260656,ChIJP2PgF9OrQjQRpYMO6OKLt34,25.0323225,121.54480290000001
301,極炙日式燒肉,3.4,臺北市中山區長安東路一段15號2樓,600.0,https://ifoodie.tw/restaurant/559d48fdc03a103ee86c5d3b-%E6%A5%B5%E7%82%99%E6%97%A5%E5%BC%8F%E7%87%92%E8%82%89,0225235110,EjUxMDQ5MeWPsOeBo-WPsOWMl-W4guS4reWxseWNgOmVt-Wuieadsei3r-S4gOautTE16JmfMiIdGhsKFgoUChIJfZXZAW-pQjQRxLq76H-R4K0SATI,25.0497874,121.52268500000001
302,Owls Bistro 窩式小酒館,4.5,臺北市大安區忠孝東路三段217巷4弄17號,600.0,https://ifoodie.tw/restaurant/57eceb5c2756dd6d377d6c9c-Owls-Bistro-%E7%AA%A9%E5%BC%8F%E5%B0%8F%E9%85%92%E9%A4%A8,0227712646,ChIJAZUz19mrQjQRfGVY5IVoC-A,25.0429265,121.54044309999999
303,Wootp窩台北,4.1,臺北市大安區忠孝東路四段205巷39之1號,550.0,https://ifoodie.tw/restaurant/55a501bcc03a10241de64015-Wootp%E7%AA%A9%E5%8F%B0%E5%8C%97,0287719813,ChIJ_yoRaMSrQjQR1sLIDn0OdbU,25.0439008,121.5520409
304,Mod SEQUEL (二店),4.5,臺北市大安區樂利路11巷7號,1200.0,https://ifoodie.tw/restaurant/584e5ca82756dd72ad77a6c1-Mod-SEQUEL-(%E4%BA%8C%E5%BA%97),0227372955,ChIJD1I8ITOqQjQRls_dhjDa3K0,25.0283535,121.551474
305,ALCICCHETTO義麵坊小酒館,4.1,臺北市中正區八德路一段40號,429.0,https://ifoodie.tw/restaurant/580f9fa32756dd6782d9eb9c-ALCICCHETTO%E7%BE%A9%E9%BA%B5%E5%9D%8A%E5%B0%8F%E9%85%92%E9%A4%A8,0223951700,ChIJR7g3XXupQjQR28Daoz5TAfk,25.043667199999998,121.5305618
306,MANIA 躁鎮,4.4,臺北市大安區樂利路59號,600.0,https://ifoodie.tw/restaurant/5ca371d12756dd62daaf419a-MANIA-%E8%BA%81%E9%8E%AE,0287321288,ChIJ72qWqDOqQjQRQTfGj_BD2YQ,25.0264427,121.5518824
307,溫德德式烘焙餐館,4.5,臺北市大安區光復南路260巷28號,400.0,https://ifoodie.tw/restaurant/559dd9f7c03a103ee86cb4c2-%E6%BA%AB%E5%BE%B7%E5%BE%B7%E5%BC%8F%E7%83%98%E7%84%99%E9%A4%90%E9%A4%A8,0227118919,ChIJzbLUR8arQjQRELPP3cVFSTQ,25.040395,121.556211
308,A Train Leads The Way To Jazz,4.6,臺北市中山區八德路二段233號2樓,1200.0,https://ifoodie.tw/restaurant/55a5b0bbc03a10241de67b2c-A-Train-Leads-The-Wa,0227212322,EjExMDXlj7DngaPlj7DljJfluILmnb7lsbHljYDlhavlvrfot6_kuozmrrUyMzPomZ8yIh0aGwoWChQKEgnT_tHv3KtCNBH0Z042eQxWDxIBMg,25.0469457,121.5406186
309,B-one自助餐厅 (西華飯店),4.0,臺北市松山區民生東路三段111號B1樓,1430.0,https://ifoodie.tw/restaurant/559d5e90c03a103ee86c6a7b-B-one%E8%87%AA%E5%8A%A9%E9%A4%90%E5%8E%85-(%E8%A5%BF%E8%8F%AF%E9%A3%AF%E5%BA%97),0227181188,EjcxMDQ5MeWPsOeBo-WPsOWMl-W4guadvuWxseWNgOawkeeUn-adsei3r-S4ieautTExMeiZn0IxIh4aHAoWChQKEgk1VnzN5atCNBE8q6zF3SvTmRICQjE,25.058204,121.5457436
310,108抹茶茶廊,4.0,臺北市信義區松高路11號誠品信義店B2,128.0,https://ifoodie.tw/restaurant/581499f323679c553aad697d-108%E6%8A%B9%E8%8C%B6%E8%8C%B6%E5%BB%8A,0227230823,ChIJywaY1LurQjQRS74hsbes0Xk,25.039620000000003,121.56520459999999
311,FOCOSO Taipei,4.5,臺北市大安區通化街170巷11之1號,1000.0,https://ifoodie.tw/restaurant/5b7ec3972756dd6c8f2abfbe-FOCOSO-Taipei,0227329022,ChIJdaJqRzOqQjQRjV5rLtzm3Ms,25.028182,121.552783
312,掌門精釀啤酒吧,4.1,臺北市信義區松高路16號4樓號,400.0,https://ifoodie.tw/restaurant/5ba31eaa2261397ecbd60c19-%E6%8E%8C%E9%96%80%E7%B2%BE%E9%87%80%E5%95%A4%E9%85%92%E5%90%A7,NBA Store Taiwan,Ei8xMTDlj7DngaPlj7DljJfluILkv6HnvqnljYDmnb7pq5jot68xNuiZn-aok-iZnyIiGiAKFgoUChIJd6uOSrqrQjQRQbgBxZjbzB4SBuaok-iZnw,25.0387252,121.56727959999999
313,The Villa Herbs Restaurant,4.1,臺北市大安區樂利路11巷32號,450.0,https://ifoodie.tw/restaurant/559d0761c03a103ee86c353f-The-Villa-Herbs-Rest,0227321929,ChIJQxcZOTOqQjQRQqBzw6yjC0E,25.028306399999998,121.55248390000001
314,THE KEY COMPANY 鑰匙行,4.2,臺北市大安區忠孝東路四段223巷59號,1000.0,https://ifoodie.tw/restaurant/5a3e9b512756dd0774580f92-THE-KEY-COMPANY-%E9%91%B0%E5%8C%99%E8%A1%8C,0287715252,ChIJmzooOcSrQjQRaGRHSHonk3o,25.0432686,121.55281049999999
315,C Bistro 喜私房餐酒館,4.6,臺北市中山區松江路164巷8號,600.0,https://ifoodie.tw/restaurant/5b86ac3d2756dd18a0026fe9-C-Bistro-%E5%96%9C%E7%A7%81%E6%88%BF%E9%A4%90%E9%85%92%E9%A4%A8,0225310859,ChIJNdF4A16pQjQReQ0avBEkDUU,25.0555602,121.53179820000001
316,1516 Bistro,4.6,臺北市大安區復興南路一段30巷4號,550.0,https://ifoodie.tw/restaurant/559d37e9c03a103ee86c5228-1516-Bistro,0227405586,ChIJjYjU79urQjQRuF2ZSArvME0,25.0465569,121.5433943
317,SOLIS Backpack & Cafe Bar 複合概念店,4.5,臺北市松山區八德路三段106巷60號,650.0,https://ifoodie.tw/restaurant/5b7437eb2756dd6552021a9f-SOLIS-Backpack-%26-Caf,0225700229,ChIJQ2Gg2MOrQjQRJBF5ilCs4pA,25.0463716,121.5540913
318,玖杯 Κρασί 京華店,4.7,臺北市松山區東寧路11號,1200.0,https://ifoodie.tw/restaurant/5b4e30fb2756dd51fc84b98e-%E7%8E%96%E6%9D%AF-%CE%9A%CF%81%CE%B1%CF%83%CE%AF-%E4%BA%AC%E8%8F%AF%E5%BA%97,0227660139,ChIJe_v4nZWrQjQRm81mL4TB16U,25.0482358,121.5629805
319,CHORD和弦BISTRO,4.0,臺北市大安區文昌街128號,500.0,https://ifoodie.tw/restaurant/575bff6623679c5de7cbb07d-CHORD%E5%92%8C%E5%BC%A6BISTRO,0227087003,ChIJZ0yVQsyrQjQREt1mTlK8P9o,25.032523,121.55260990000002
320,Tuga葡萄牙餐廳,4.6,臺北市大安區忠孝東路四段216巷11弄12號,550.0,https://ifoodie.tw/restaurant/564628db2756dd690d4a3a0a-Tuga%E8%91%A1%E8%90%84%E7%89%99%E9%A4%90%E5%BB%B3,0227526501,ChIJYXSu58WrQjQRG9eQ-gDjaE0,25.040685699999997,121.5535155
321,Bar 春花 The Primrose,4.6,臺北市中正區新生南路一段56巷8號,1200.0,https://ifoodie.tw/restaurant/5eddad5722613909bf63df51-Bar-%E6%98%A5%E8%8A%B1-The-Primrose,0223411291,ChIJb3cdb3ypQjQRq1LLyPRPa3c,25.041069399999998,121.53222050000001
322,SMEXY音樂餐廳,4.4,臺北市松山區民生東路三段131號,500.0,https://ifoodie.tw/restaurant/5a7b411d2756dd1187a14b90-SMEXY%E9%9F%B3%E6%A8%82%E9%A4%90%E5%BB%B3,0227176626,ChIJ5yFX8uWrQjQRVqzqPNJ0jlM,25.057932,121.54784840000002
323,JokeR Bistro & Bar,4.3,臺北市松山區市民大道四段163號,800.0,https://ifoodie.tw/restaurant/5a2eca892756dd43b7433181-JokeR-Bistro-%26-Bar,0225777972,ChIJ394dfcSrQjQRqo7fL2kEw-4,25.0448306,121.55145230000001
324,7th Japanese Bar,4.7,臺北市中山區林森北路119巷47號,1200.0,https://ifoodie.tw/restaurant/5b11727ff52468663c4e5917-7th-Japanese-Bar,0927292295,ChIJSxCz6GWpQjQRVHAIpyIC4EQ,25.050451100000004,121.52666029999999
325,此刻韓式花藝咖啡,4.7,臺北市內湖區內湖路一段339巷7號,250.0,https://ifoodie.tw/restaurant/5af72cfa2756dd2da41b2c32-%E6%AD%A4%E5%88%BB%E9%9F%93%E5%BC%8F%E8%8A%B1%E8%97%9D%E5%92%96%E5%95%A1,0966483689,ChIJQc-MI2-sQjQR1pUZvTE5cmQ,25.082624600000003,121.5688446
326,HESTIA TAPAS BAR 西班牙小酒館,4.3,臺北市松山區民生東路三段130巷18弄3號,1200.0,https://ifoodie.tw/restaurant/559d733ac03a103ee86c7957-HESTIA-TAPAS-BAR-%E8%A5%BF%E7%8F%AD%E7%89%99,0227153707,ChIJMUhne-arQjQRtspcynEw3q4,25.056647899999998,121.54594499999999
327,Odin 士林放感情,4.8,臺北市士林區大東路152號,1000.0,https://ifoodie.tw/restaurant/5ccd4235f524683dcfb418ad-Odin-%E5%A3%AB%E6%9E%97%E6%94%BE%E6%84%9F%E6%83%85,0228828666,ChIJKQT2NLuuQjQRNrsWrmJqXrg,25.0923151,121.5254104
328,Island 1 Kitchen 一號島廚房,4.5,臺北市大安區安和路一段102巷10號,1000.0,https://ifoodie.tw/restaurant/559d85a1c03a103ee86c8380-Island-1-Kitchen-%E4%B8%80%E8%99%9F%E5%B3%B6,0227062799,ChIJ8Zg5LcyrQjQRgcg-bD1QoIc,25.034176000000002,121.551326
329,Jumi Tavern Champagne & Gyoza Bar,4.7,臺北市大安區仁愛路四段345巷4弄39號,600.0,https://ifoodie.tw/restaurant/5ca373e623679c1527914eb6-Jumi-Tavern-Champagn,0227755209,ChIJlxu2ds-rQjQRfqrvdTrLwzE,25.039075699999998,121.55157120000001
330,牡丹 Mudan,3.4,臺北市萬華區成都路10巷45號,500.0,https://ifoodie.tw/restaurant/5a8c63932756dd4387a1f45b-%E7%89%A1%E4%B8%B9-Mudan,0223700940,ChIJwTeIugmpQjQRcphFH3hzrZY,25.0417174,121.50650520000002
331,BEAU Bar,4.1,臺北市大安區仁愛路4段408巷11號,800.0,https://ifoodie.tw/restaurant/575da5dc2756dd0897fa08cc-BEAU-Bar,0227042189,ChIJD0aKX8irQjQRBJyvtWB1MJE,25.0372866,121.5569886
332,邀月兒,4.9,臺北市松山區富錦街405號,600.0,https://ifoodie.tw/restaurant/559d56c4c03a103ee86c6624-%E9%82%80%E6%9C%88%E5%85%92,0227668188,ChIJyUjlM42rQjQRvWzFzU2uaQI,25.0608634,121.56016129999999
333,戲台咖-戲台酒館,4.1,臺北市中正區中山南路21之1號,500.0,https://ifoodie.tw/restaurant/59e4f4c72756dd59ca88e4dc-%E6%88%B2%E5%8F%B0%E5%92%96-%E6%88%B2%E5%8F%B0%E9%85%92%E9%A4%A8,0223971920,EiwxMDDlj7DngaPlj7DljJfluILkuK3mraPljYDkuK3lsbHljZfot68yMeiZnyIaEhgKFAoSCWMpfimeqUI0EV7XLZxsVaJ_EBU,25.037230800000003,121.51745770000001
334,Self私室,4.6,臺北市大安區樂利路39號,600.0,https://ifoodie.tw/restaurant/5a243cba2756dd43b6426e3d-Self%E7%A7%81%E5%AE%A4,0227325384,ChIJlc6XBjOqQjQRD18T_BBw33U,25.0270296,121.55168
335,馬友友印度餐酒水煙館,4.6,"台北市中山區松江路1-1號",600.0,https://ifoodie.tw/restaurant/5a11c7a82756dd31b8cfed61-%E9%A6%AC%E5%8F%8B%E5%8F%8B%E5%8D%B0%E5%BA%A6%E9%A4%90%E9%85%92%E6%B0%B4%E7%85%99%E9%A4%A8,0225006186,ChIJa9_HFmOpQjQRpaWSXem2jCo,25.0459384,121.53315159999998
336,Trine & Zen Xin Yi崔妮傑恩 微風信義,3.9,台北市忠孝東路五段68號4樓,250.0,https://ifoodie.tw/restaurant/57effda423679c5f94e88dd6-Trine-%26-Zen-Xin-Yi%E5%B4%94%E5%A6%AE,0266235508,EjMxMTDlj7DngaPlj7DljJfluILkv6HnvqnljYDlv6DlrZ3mnbHot6_kupTmrrU2OOiZnzQiHRobChYKFAoSCdWs6ey7q0I0EQ_PhwASOwIXEgE0,25.0399434,121.56688009999999
337,BAR小谷,4.7,臺北市中山區中山北路一段83巷5之1號,1200.0,https://ifoodie.tw/restaurant/578e6d452756dd281f344752-BAR%E5%B0%8F%E8%B0%B7,0225714010,ChIJJdKOGW-pQjQRrfUIL-P80jk,25.050306,121.5232973
338,Vine Bar 藤蔓老屋,4.6,台北市大安區光復南路454號,600.0,https://ifoodie.tw/restaurant/59f2248a2756dd2919c6859b-Vine-Bar-%E8%97%A4%E8%94%93%E8%80%81%E5%B1%8B,0935691387,ChIJkyspqcmrQjQRVvjJLN6M-6c,25.0355529,121.55728329999998
339,墨子 I MOZI,4.6,臺北市大安區忠孝東路四段216巷32弄10號,700.0,https://ifoodie.tw/restaurant/5ab762ad226139612088f113-%E5%A2%A8%E5%AD%90-I-MOZI,0287737273,ChIJeQ3vYc-rQjQRxssoHO_lhgU,25.0397758,121.55240220000002
340,Puro Puro,4.1,臺北市中山區八德路二段265號,600.0,https://ifoodie.tw/restaurant/56140fa52756dd484e29c9cf-Puro-Puro,0227784818,ChIJ93xvSNmrQjQRC-Xf5YdUQa8,25.047119,121.54139520000001
341,Tavern D the RUM BAR,4.6,台北市信義區莊敬路178巷6號,350.0,https://ifoodie.tw/restaurant/5eddad368c906d217421bc34-Tavern-D-the-RUM-BAR,0287800256,ChIJNZtn67WrQjQRb7BUyFajX0U,25.0312965,121.56095719999999
342,You & Me 牛肉麵Bar,4.2,臺北市松山區延壽街145號,500.0,https://ifoodie.tw/restaurant/55a5fa63c03a102ec1415c31-You-%26-Me-%E7%89%9B%E8%82%89%E9%BA%B5Bar,0227422445,ChIJaTg7XZKrQjQR1zhV5lLl-kk,25.0569558,121.56321659999999
343,Miliano TEA BAR 米蓮娜茶餐酒吧,4.6,台北市大安區和平東路三段66號,600.0,https://ifoodie.tw/restaurant/598df2472756dd407aa87ba4-Miliano-TEA-BAR-%E7%B1%B3%E8%93%AE%E5%A8%9C%E8%8C%B6,0287329939,ChIJaa7UijGqQjQRUnGorXdhLSo,25.024251500000002,121.54975590000001
344,DUO Taipei Bar & Bistro,4.6,臺北市大安區大安路一段19巷33號,1200.0,https://ifoodie.tw/restaurant/59ad967d2756dd71207e2d73-DUO-Taipei-Bar-%26-Bis,0919299611,ChIJMWBSN9urQjQRVangqHYf6sA,25.0445457,121.54775430000001
345,HALEAKALA 夏威夷酒吧餐廳,4.4,臺北市信義區松仁路28號4樓,1200.0,https://ifoodie.tw/restaurant/559dba67c03a103ee86ca00c-HALEAKALA-%E5%A4%8F%E5%A8%81%E5%A4%B7%E9%85%92%E5%90%A7%E9%A4%90%E5%BB%B3,0287292868,EioxMTDlj7DngaPlj7DljJfluILkv6HnvqnljYDmnb7ku4Hot68yOOiZnzQiHRobChYKFAoSCVV5-6i7q0I0EZKq4LaGSCWXEgE0,25.039621899999997,121.567641
346,雨人麵包餐館Rain man Boulangerie Bistro,4.6,臺北市大安區忠孝東路四段553巷2弄3號,330.0,https://ifoodie.tw/restaurant/559d449cc03a103ee86c5a80-%E9%9B%A8%E4%BA%BA%E9%BA%B5%E5%8C%85%E9%A4%90%E9%A4%A8Rain-man-Boula,0227642432,ChIJM96-KLmrQjQRpe3mvUFLjeY,25.042013,121.562973
347,旅城 Voyage Bistro & Bar,4.5,臺北市中山區雙城街49巷1號,500.0,https://ifoodie.tw/restaurant/57f3ef2d2756dd28ec5329c2-%E6%97%85%E5%9F%8E-Voyage-Bistro-%26-B,0225869939,ChIJcaoM8U-pQjQRBPfee9hUFSg,25.068070300000002,121.5245946
348,El Marqués Tapas Bar Spanish Restaurant,4.6,臺北市大安區延吉街259號,1200.0,https://ifoodie.tw/restaurant/5953eff12756dd4ec6f450b6-El-Marqu%C3%A9s-Tapas-Bar,0927270009,ChIJT5PydsmrQjQRKaS9rNCb4Yk,25.0343973,121.5567628
349,軍火庫精釀啤酒專門店 BeerAmmo Craft Beer,4.5,臺北市大同區南京西路109號,200.0,https://ifoodie.tw/restaurant/59247a152756dd3fdd939738-%E8%BB%8D%E7%81%AB%E5%BA%AB%E7%B2%BE%E9%87%80%E5%95%A4%E9%85%92%E5%B0%88%E9%96%80%E5%BA%97-BeerAmmo-,0225500286,ChIJf3N7YGupQjQRlYrgnlmpWhQ,25.053987799999998,121.51565729999999
350,波派地中海餐廳,3.9,臺北市中山區玉門街1號,650.0,https://ifoodie.tw/restaurant/563735492756dd08e9238833-%E6%B3%A2%E6%B4%BE%E5%9C%B0%E4%B8%AD%E6%B5%B7%E9%A4%90%E5%BB%B3,0225851550,ChIJlS46ME-pQjQRtd-BSzBr-ZI,25.0704569,121.52046100000001
351,URBAN331 (台北慕軒),4.1,臺北市大安區敦化南路一段331號,2000.0,https://ifoodie.tw/restaurant/559dc32cc03a103ee86ca71d-URBAN331-(%E5%8F%B0%E5%8C%97%E6%85%95%E8%BB%92),0277269090,ChIJMZOp7c2rQjQRUGGnclCWx8c,25.034032800000002,121.54928500000001
352,whinos Bar & Kitchen,4.1,臺北市大安區四維路14巷7號,800.0,https://ifoodie.tw/restaurant/559d1d0cc03a103ee86c4028-whinos-Bar-%26-Kitchen,0227050656,ChIJTV0I6NGrQjQRoJu-ZIE9sDk,25.0369415,121.5477011
353,bochibochi bar,4.2,臺北市中山區中山北路一段83巷5之2號,500.0,https://ifoodie.tw/restaurant/58ebc95c2756dd328e6c4fc0-bochibochi-bar,0225715881,ChIJJdKOGW-pQjQRrfUIL-P80jk,25.050306,121.5232973
354,China Pa Dining & Live Music 中國父音樂餐廳,4.4,臺北市松山區南京東路三段285號B1,1200.0,https://ifoodie.tw/restaurant/5a69aee8f524681c9a5428a8-China-Pa-Dining-%26-Li,0237621919,EjUxMDXlj7DngaPlj7DljJfluILmnb7lsbHljYDljZfkuqzmnbHot6_kuInmrrUyODXomZ9CMSIeGhwKFgoUChIJ067JgOerQjQRPlyTuw5BeSESAkIx,25.0520532,121.54592450000001
355,Driftwood西門町,4.6,臺北市萬華區昆明街46號,250.0,https://ifoodie.tw/restaurant/58a88c912756dd66f102b97e-Driftwood%E8%A5%BF%E9%96%80%E7%94%BA,0223883699,ChIJwSMp3g6pQjQRuFVI-L0_Y6w,25.0464563,121.50556770000001
356,Tiger Lily Taipei (TigerLily),4.3,臺北市大安區敦化南路一段236巷38號,600.0,https://ifoodie.tw/restaurant/588f716e699b6e1dba21583c-Tiger-Lily-Taipei-(T,0979086727,ChIJsYgvbtCrQjQRthhDx4ZrNY4,25.040500299999998,121.5465044
357,ON TAP,4.2,臺北市大安區忠孝東路四段216巷11弄21號,350.0,https://ifoodie.tw/restaurant/559d9aa9c03a103ee86c8f77-ON-TAP,0227415365,ChIJW0A-3sWrQjQR4xDOqlyxUOs,25.040886800000003,121.5539034
358,Nox Taipei,4.6,臺北市大安區安和路二段71巷7號1樓,600.0,https://ifoodie.tw/restaurant/57b74bdf2756dd6c6936f2b5-Nox-Taipei,0227325826,EjQxMDblj7DngaPlj7DljJfluILlpKflronljYDlronlkozot6_kuozmrrU3MeW3tzfomZ8xIh0aGwoWChQKEgkXrFi_zKtCNBGTnGmCwf66QBIBMQ,25.0302115,121.55272590000001
359,Ole Rum Bar & Tapas,4.6,臺北市大安區安和路一段109巷4號1樓,1200.0,https://ifoodie.tw/restaurant/5f572a6b2756dd155d8e5961-Ole-Rum-Bar-%26-Tapas,0902393633,EjUxMDblj7DngaPlj7DljJfluILlpKflronljYDlronlkozot6_kuIDmrrUxMDnlt7c06JmfMSIdGhsKFgoUChIJK9owuc6rQjQRaxZ49gBNf98SATE,25.0354425,121.55311609999998
360,Le Bistro Taipei,4.5,台北市中山區長安東路二段201巷6號,600.0,https://ifoodie.tw/restaurant/564979d42756dd265e00f932-Le-Bistro-Taipei,0976733968,ChIJedK-JNyrQjQRXAB5TpAN-8A,25.048822100000002,121.543291
361,101 隨意吧,4.1,臺北市信義區信義路五段7號36樓,150.0,https://ifoodie.tw/restaurant/559dd8e2c03a103ee86cb3a6-101-%E9%9A%A8%E6%84%8F%E5%90%A7,0281016336,EjAxMTDlj7DngaPlj7DljJfluILkv6HnvqnljYDkv6Hnvqnot6_kupTmrrU36JmfMzYiHhocChYKFAoSCR-enNq2q0I0EaYQ_YLwvAYSEgIzNg,25.033976000000003,121.5645389
362,鉑泊客 POSHPACKER HOTEL,4.3,臺北市中正區重慶南路一段39號,150.0,https://ifoodie.tw/restaurant/57fbd9372756dd3baeddb15a-%E9%89%91%E6%B3%8A%E5%AE%A2-POSHPACKER-HOTEL,0223755555,ChIJI3ENxgypQjQRGq9f2j1yyp0,25.045087600000002,121.5134098
363,Shotia,4.4,臺北市大安區樂利路50號,500.0,https://ifoodie.tw/restaurant/57d28361699b6e34872ff89b-Shotia,0227329861,ChIJn2BbqTOqQjQRosHzVTiq55Q,25.026485,121.5516227
364,ParkSide,5.0,臺北市大安區延吉街131巷26號B1,1000.0,https://ifoodie.tw/restaurant/55a4a08bc03a1002ad8ad314-ParkSide,0287726508,EjExMDblj7DngaPlj7DljJfluILlpKflronljYDlu7blkInooZcxMzHlt7cyNuiZn0IxIh4aHAoWChQKEgljb6eUxqtCNBGFWFYd3bGo5xICQjE,25.0427031,121.55548999999999
365,Ounce Taipei,4.5,臺北市大安區信義路四段309號,250.0,https://ifoodie.tw/restaurant/56b2ee27699b6e19955261a9-Ounce-Taipei,0227037761,ChIJZ_Mr3MurQjQRvGX1H3uA4GU,25.0333514,121.55575630000001
366,香聚餐酒館,4.6,台北市仁愛路四段300巷26弄19號,500.0,https://ifoodie.tw/restaurant/57676e692756dd015810f51d-%E9%A6%99%E8%81%9A%E9%A4%90%E9%85%92%E9%A4%A8,0227019928,ChIJqd7pxc6rQjQR0KlhiVWyWto,25.035926999999997,121.5534324
367,黑風寨燒酒店,4.8,臺北市大安區市民大道四段84號,1000.0,https://ifoodie.tw/restaurant/559d9277c03a103ee86c8b60-%E9%BB%91%E9%A2%A8%E5%AF%A8%E7%87%92%E9%85%92%E5%BA%97,0287714862,ChIJB4A_NturQjQRU2DEQUAg0L8,25.044731,121.54796100000002
368,鈞太酒藏 DOMAINE WINE CELLARS,4.6,臺北市大安區仁愛路四段383號B1,700.0,https://ifoodie.tw/restaurant/57c71e902756dd5f549d0c13-%E9%88%9E%E5%A4%AA%E9%85%92%E8%97%8F-DOMAINE-WINE-CE,0227760066,EjIxMDblj7DngaPlj7DljJfluILlpKflronljYDku4HmhJvot6_lm5vmrrUzODPomZ9CMSIeGhwKFgoUChIJAYw9ucirQjQRcSlhzikLlyISAkIx,25.0380611,121.555107
369,"Come Here Bar, Angel&Annie",4.3,臺北市信義區基隆路三段2號,120.0,https://ifoodie.tw/restaurant/59c1a6c1f52468096775d2cb-Come-Here-Bar%2C-Angel,0227382200,ChIJmyQc4S-qQjQRAwOWe9baIEc,25.0207231,121.5481642
370,小小餐館little bistro,4.5,臺北市大安區瑞安街43號,600.0,https://ifoodie.tw/restaurant/55a50ccbc03a10241de643de-%E5%B0%8F%E5%B0%8F%E9%A4%90%E9%A4%A8little-bistro,0227086950,ChIJR8e_mCyqQjQRoIBXlBaVago,25.029957,121.5431498
371,CJ BISTRO,3.5,臺北市中山區北安路780號B2,600.0,https://ifoodie.tw/restaurant/5723a2322756dd504a104345-CJ-BISTRO,0277188555,Ei4xMDQ5MeWPsOeBo-WPsOWMl-W4guS4reWxseWNgOWMl-Wuiei3rzc4MOiZn0IyIh4aHAoWChQKEgnbwq58EaxCNBFplGmLtOXkexICQjI,25.0849641,121.5537414
372,飲酒廊- Drink Corridor,4.5,臺北市松山區八德路三段106巷62號,300.0,https://ifoodie.tw/restaurant/56df15c02756dd19d835e80c-%E9%A3%B2%E9%85%92%E5%BB%8A-Drink-Corridor,0225700038,ChIJqeQGYsGrQjQRVnZ_UUlo9BQ,25.0464036,121.55416100000001
373,Vicious Circle Music House,4.0,臺北市大安區敦化南路一段177巷39號,600.0,https://ifoodie.tw/restaurant/55a5fb84c03a102ec1415c87-Vicious-Circle-Music,0227772218,ChIJIw5YVsSrQjQRZlMl0Tg1hXA,25.043104100000004,121.55139109999999
374,Elsewhere 那裏,4.9,臺北市大安區光復南路200巷7號1樓,600.0,https://ifoodie.tw/restaurant/559d550bc03a103ee86c64b9-Elsewhere-%E9%82%A3%E8%A3%8F,0227416737,EjIxMDblj7DngaPlj7DljJfluILlpKflronljYDlhYnlvqnljZfot68yMDDlt7c36JmfMSIdGhsKFgoUChIJLQwc9MarQjQRoY6dPJQLse8SATE,25.041885,121.55585549999999
375,iDarts Taipei,5.0,臺北市大安區敦化南路一段177巷19號,600.0,https://ifoodie.tw/restaurant/56438aae2756dd40eaa061c0-iDarts-Taipei,0227715791,ChIJ7YV048SrQjQRmfNs0PKKxXs,25.0431473,121.5503723
376,傻瓜屋咖啡廳小酒館,4.0,臺北市中山區中山北路一段62號,1200.0,https://ifoodie.tw/restaurant/559da77ec03a103ee86c9594-%E5%82%BB%E7%93%9C%E5%B1%8B%E5%92%96%E5%95%A1%E5%BB%B3%E5%B0%8F%E9%85%92%E9%A4%A8,0225418787,ChIJ_5fTEm6pQjQR4BJ6Uf310vI,25.048603,121.52074750000001
377,M.O. Bar,4.5,臺北市松山區敦化北路158號5F,600.0,https://ifoodie.tw/restaurant/559d3463c03a103ee86c4fd8-M.O.-Bar,0227156698,EjExMDXlj7DngaPlj7DljJfluILmnb7lsbHljYDmlabljJbljJfot68xNTgtOeiZnzVGIh4aHAoWChQKEglX3b6O6KtCNBEWSxrOSgdTTBICNUY,25.0558532,121.5483811
378,TRIO Wine三重奏,5.0,臺北市臺北市中山區玉門街1號,600.0,https://ifoodie.tw/restaurant/559dd12cc03a103ee86caefd-TRIO-Wine%E4%B8%89%E9%87%8D%E5%A5%8F,0225979579,ChIJlS46ME-pQjQRtd-BSzBr-ZI,25.0704569,121.52046100000001
379,1001 Nights Taipei 一千零一夜(水煙館）,4.0,臺北市松山區南京東路五段8號2樓,1200.0,https://ifoodie.tw/restaurant/559d4610c03a103ee86c5b7b-1001-Nights-Taipei-%E4%B8%80,0227651122,EjIxMDXlj7DngaPlj7DljJfluILmnb7lsbHljYDljZfkuqzmnbHot6_kupTmrrU46JmfMiIdGhsKFgoUChIJb2RL5-qrQjQRn5Onc8Kp1MkSATI,25.0512298,121.55837460000001
380,小公館咖啡,3.8,臺北市中正區羅斯福路三段316巷8弄3號2樓,600.0,https://ifoodie.tw/restaurant/559d7bc1c03a103ee86c7e90-%E5%B0%8F%E5%85%AC%E9%A4%A8%E5%92%96%E5%95%A1,0223682723,EjwxMDDlj7DngaPlj7DljJfluILkuK3mraPljYDnvoXmlq_npo_ot6_kuInmrrUzMTblt7c45byEM-iZnzIiHRobChYKFAoSCa-QXpiLqUI0EfKcXc_tlnVUEgEy,25.015640899999998,121.5326387
381,先酒肴 清酒吧 Senn Sake Dining Bar,4.6,臺北市大安區敦化南路一段163號2樓,1200.0,https://ifoodie.tw/restaurant/5d4939af8c906d2b0d19f0cd-%E5%85%88%E9%85%92%E8%82%B4-%E6%B8%85%E9%85%92%E5%90%A7-Senn-Sake-Di,0227755090,EjIxMDblj7DngaPlj7DljJfluILlpKflronljYDmlabljJbljZfot68x5q61MTYz6JmfMiIdGhsKFgoUChIJ7Rxn2cSrQjQR1zja7o5gGCQSATI,25.043454999999998,121.54938899999999
